No.;Kode;I1;I2;I3;I4;I5;I6;I7;I8;I9;I10;I11;I12;I13;I14;I15;I16;I17;I18;I19;I20;I21;I22;I23;I24;I25;I26;I27;I28;I29;I30;I31;I32;I33;I34;I35;I36;I37;I38;I39;I40;I41;I42;I43;I44;I45;I46;I47;Aspek 1;Aspek 2;Aspek 3;Aspek 4;Aspek 5;Aspek 6;Aspek 7;Aspek 8
1;1010;3;3;5;3;3;3;3;5;3;3;1;1;3;3;3;3;3;3;4;3;1;1;1;1;3;1;1;1;1;1;1;4;4;4;4;4;4;4;4;4;4;4;4;4;2;2;4;3,4;2;3;3,5;1,25;1;4;3,33
2;1020;5;5;4;3;3;3;3;1;3;3;2;3;4;4;3;4;4;3;4;3;3;2;2;3;3;3;3;3;3;3;4;4;5;5;4;4;4;4;4;4;4;4;4;4;5;5;5;3,3;3,25;3,5;3,5;2,75;3,33;4,2;4,5
3;1030;3;3;4;3;3;3;3;3;3;3;2;3;2;2;1;4;3;2;2;2;3;1;2;2;2;1;1;2;3;3;2;4;4;4;4;4;4;4;3;4;4;4;4;4;5;5;3;3,1;2,25;2,5;2;1,75;2,67;3,9;4,17
4;1040;3;3;4;3;3;3;3;3;3;3;4;3;3;3;3;4;3;2;3;3;3;2;3;3;3;2;2;3;3;3;3;4;4;4;4;4;4;4;3;3;3;4;4;4;3;3;4;3,1;3,25;3;3;2,63;3;3,7;3,67
5;2000;5;5;5;4;5;5;5;5;5;5;4;4;4;4;5;5;5;3;4;4;3;3;4;3;4;3;4;4;3;3;3;4;4;4;4;4;4;4;3;4;5;4;4;4;5;5;4;4,9;4;4,5;4;3,5;3;4;4,33
6;2010;4;4;5;4;4;3;4;3;3;5;3;3;3;3;3;4;3;3;4;4;4;4;2;3;3;2;2;3;3;3;2;4;4;4;4;4;4;4;3;4;3;4;2;4;5;4;3;3,9;3;3,25;4;2,88;2,67;3,8;3,67
7;2040;5;5;5;5;5;5;5;5;5;5;4;4;5;3;4;4;4;4;5;4;5;4;4;4;4;4;4;4;3;3;3;4;5;5;5;5;5;5;4;3;5;4;5;4;5;5;5;5;4;4;4,5;4,13;3;4,6;4,67
8;2050;3;3;3;3;3;3;3;3;3;3;3;2;2;2;3;3;3;2;2;2;3;3;3;3;3;3;2;3;2;2;3;5;5;4;4;4;4;4;3;5;4;4;5;5;5;5;3;3;2,25;2,75;2;2,88;2,33;4,2;4,5
9;2060;4;4;4;4;4;4;4;4;4;5;3;3;4;3;4;4;4;4;4;4;4;4;4;4;4;4;4;4;3;3;4;4;4;4;4;4;4;4;3;5;4;5;4;4;5;5;3;4,1;3,25;4;4;4;3,33;4;4,33
10;2100;5;5;5;5;5;5;5;5;5;5;2;2;3;2;3;3;3;3;5;1;1;4;2;1;1;2;3;3;3;3;2;4;4;4;4;3;4;4;3;4;3;4;4;5;3;3;2;5;2,25;3;3;2,13;2,67;3,7;3,5
11;2120;5;5;5;5;2;2;2;3;3;5;3;3;5;5;5;3;3;3;4;4;4;4;3;3;3;2;3;3;3;3;3;4;4;4;5;4;4;4;5;4;5;4;4;4;5;4;4;3,7;4;3,5;4;3,13;3;4,3;4,17
12;3001;4;4;4;4;4;4;4;4;4;5;4;4;4;3;3;3;3;4;2;4;2;3;3;3;2;1;2;1;2;2;4;4;4;4;4;5;3;5;3;4;5;4;4;2;5;5;5;4,1;3,75;3,25;3;2,13;2,67;4,1;4,17
13;3002;1;2;3;5;1;1;1;1;1;4;4;2;5;3;5;5;5;1;5;4;1;1;1;1;2;2;1;1;1;1;1;4;3;5;4;5;3;3;3;3;4;4;3;5;5;5;5;2;3,5;4;4,5;1,25;1;3,7;4,5
14;3003;3;3;4;3;3;3;3;3;3;3;3;3;2;3;4;3;4;2;5;5;3;4;3;3;3;3;3;4;3;3;3;4;4;4;5;3;3;4;2;3;4;4;4;4;4;3;3;3,1;2,75;3,25;5;3,25;3;3,6;3,67
15;3004;2;5;3;5;5;2;5;5;3;3;3;3;5;3;5;5;5;2;3;5;2;2;2;3;3;3;2;5;3;3;3;5;5;5;5;5;5;5;5;5;5;5;5;5;5;5;5;3,8;3,5;4,25;4;2,75;3;5;5
16;3005;5;5;5;4;5;5;5;5;5;5;4;4;5;5;4;5;5;5;5;5;5;5;5;5;5;5;2;5;3;3;3;4;5;5;5;5;5;5;5;5;5;5;5;2;5;5;5;4,9;4,5;4,75;5;4,63;3;4,9;4,5
17;3006;2;5;2;3;3;4;4;2;5;4;4;3;2;3;4;5;5;2;4;5;3;2;2;1;2;1;2;4;3;3;3;5;5;4;5;5;5;4;4;5;5;5;5;2;5;5;5;3,4;3;4;4,5;2,13;3;4,7;4,5
18;3008;4;4;4;5;5;5;5;5;5;5;4;2;4;5;3;4;4;2;3;4;1;1;1;1;1;1;1;1;3;3;1;4;4;4;4;4;5;4;5;5;4;4;4;2;5;4;2;4,7;3,75;3,25;3,5;1;2,33;4,3;3,5
19;3009;4;4;5;4;5;4;3;5;3;5;4;4;4;3;4;4;4;3;4;3;3;3;2;2;2;2;1;3;3;3;4;4;4;4;5;4;4;4;4;4;4;4;3;2;5;4;5;4,2;3,75;3,75;3,5;2,25;3,33;4,1;3,83
20;3010;3;3;3;3;3;3;3;3;4;5;1;2;5;5;5;4;5;4;5;3;3;3;2;2;3;2;2;2;3;3;3;4;4;5;4;4;4;5;4;5;5;5;4;5;5;5;5;3,3;3,25;4,5;4;2,38;3;4,4;4,83
21;3011;3;2;2;3;3;3;1;3;3;3;4;4;3;4;3;4;4;4;4;3;2;4;3;3;2;1;3;3;2;2;4;4;4;4;4;4;4;4;3;3;4;3;3;2;4;3;4;2,6;3,75;3,75;3,5;2,63;2,67;3,8;3,17
22;3012;3;3;4;5;4;5;3;2;2;3;2;3;2;4;3;4;4;5;5;1;2;3;2;2;2;2;2;2;3;3;2;4;5;5;4;5;5;3;3;3;2;5;5;5;4;5;5;3,4;2,75;4;3;2,13;2,67;3,9;4,83
23;3013;2;2;2;2;2;2;3;2;3;3;2;2;4;4;3;3;2;3;5;4;1;1;3;1;1;1;1;3;3;1;1;4;4;4;3;4;4;3;4;4;5;4;4;5;5;5;5;2,3;3;2,75;4,5;1,5;1,67;3,9;4,67
24;3014;4;2;3;3;1;1;1;1;3;3;1;1;5;3;4;4;3;4;2;1;1;2;2;1;2;1;1;3;2;1;3;4;4;4;4;5;4;3;3;3;3;4;3;5;5;5;3;2,2;2,5;3,75;1,5;1,63;2;3,7;4,17
25;3015;3;3;4;3;3;3;3;2;3;3;3;2;3;5;1;3;3;3;5;4;2;3;2;3;4;2;2;2;3;3;1;4;4;4;4;4;4;4;5;4;5;5;5;4;5;5;5;3;3,25;2,5;4,5;2,5;2,33;4,2;4,83
26;3016;2;3;3;2;3;4;4;2;3;4;3;3;3;1;3;4;4;5;2;3;2;2;2;2;2;3;2;4;2;2;1;5;4;4;4;5;5;4;3;5;4;4;5;5;5;5;5;3;2,5;4;2,5;2,38;1,67;4,3;4,83
27;3018;5;5;5;5;5;5;5;5;5;5;4;3;4;5;5;5;5;5;2;4;5;5;2;2;3;3;3;4;3;3;3;5;5;5;5;5;5;5;5;5;5;5;5;5;5;5;5;5;4;5;3;3,38;3;5;5
28;3019;5;5;5;5;5;5;5;5;5;5;4;4;5;4;4;4;5;5;4;5;3;3;3;3;3;3;3;4;3;3;4;4;4;4;4;4;4;3;4;4;4;4;4;4;5;5;5;5;4,25;4,5;4,5;3,13;3,33;3,9;4,5
29;3020;3;3;3;3;3;3;3;3;3;3;1;1;2;3;1;3;2;1;2;3;1;2;1;1;2;1;1;2;1;1;2;4;4;4;4;4;4;4;3;4;3;4;4;4;4;5;4;3;1,75;1,75;2,5;1,38;1,33;3,8;4,17
30;3021;4;4;5;5;5;5;5;4;4;4;3;3;5;3;5;4;3;4;2;3;1;1;1;1;1;1;1;1;3;2;1;4;4;4;4;5;5;5;4;5;5;5;5;5;5;5;5;4,5;3,5;4;2,5;1;2;4,5;5
31;3022;5;5;5;5;5;5;5;5;5;3;4;5;5;5;3;5;5;4;5;5;5;3;5;5;5;5;5;5;4;4;3;4;5;5;5;5;5;4;3;5;5;5;5;5;5;5;5;4,8;4,75;4,25;5;4,75;3,67;4,6;5
32;4001;3;3;3;3;3;3;3;2;3;5;3;3;4;2;4;3;4;3;5;3;2;2;2;2;3;2;1;3;2;2;2;4;4;4;5;5;4;4;4;4;5;5;2;4;3;3;3;3,1;3;3,5;4;2,13;2;4,3;3,33
33;4002;5;5;4;4;4;3;3;3;4;5;4;3;4;2;1;5;4;3;3;3;2;4;2;2;2;4;2;2;2;2;4;4;4;4;4;4;3;3;3;4;3;4;5;5;4;3;3;4;3,25;3,25;3;2,5;2,67;3,6;4
34;4003;4;4;4;5;3;3;4;5;4;5;4;4;3;4;4;5;4;4;5;4;4;4;4;3;3;3;3;3;4;3;3;4;4;4;4;4;5;5;4;4;4;5;4;4;1;4;4;4,1;3,75;4,25;4,5;3,38;3,33;4,2;3,67
35;4004;3;3;3;3;3;3;3;3;3;3;3;3;2;2;1;4;3;2;2;3;2;2;1;2;2;1;2;3;1;1;1;4;4;4;4;4;4;3;3;3;4;4;4;4;3;3;3;3;2,5;2,5;2,5;1,88;1;3,7;3,5
36;4006;3;3;3;4;5;5;5;3;3;4;3;3;3;3;4;4;4;4;4;3;3;3;3;2;3;2;2;3;3;3;4;4;4;4;4;4;4;4;4;2;4;4;4;5;4;3;3;3,8;3;4;3,5;2,63;3,33;3,8;3,83
37;4007;2;2;3;3;3;3;3;2;2;2;1;2;2;2;3;3;3;3;2;3;2;2;2;2;3;3;2;3;2;2;1;4;5;5;5;5;4;5;3;4;4;3;3;2;5;5;5;2,5;1,75;3;2,5;2,38;1,67;4,4;3,83
38;4008;5;5;3;3;3;3;3;3;3;3;4;3;4;2;4;3;3;3;4;3;4;4;2;3;3;4;4;3;1;1;3;4;4;3;4;4;4;4;4;4;4;4;4;4;5;5;5;3,4;3,25;3,25;3,5;3,38;1,67;3,9;4,5
39;4009;3;5;3;3;3;4;4;4;4;2;3;3;4;2;1;3;3;2;4;3;3;2;2;3;3;2;1;2;3;3;2;4;4;4;4;4;4;3;3;3;3;3;2;5;2;2;3;3,5;3;2,25;3,5;2,25;2,67;3,6;2,83
40;4010;3;3;5;5;5;5;5;5;5;5;3;3;5;5;5;3;5;3;3;1;3;5;3;3;4;4;1;3;3;3;4;4;4;4;5;5;4;5;3;4;4;4;3;5;5;3;5;4,6;4;4;2;3,25;3,33;4,2;4,17
41;4011;4;3;4;4;4;4;4;4;4;3;3;4;2;3;5;5;4;4;3;3;2;4;4;3;2;3;2;2;2;2;4;4;4;4;4;5;4;4;4;3;4;4;3;2;5;5;5;3,8;3;4,5;3;2,75;2,67;4;4
42;4012;5;5;5;5;5;5;4;5;5;5;3;3;3;5;4;5;3;3;4;5;4;4;5;3;4;4;3;3;3;3;5;4;4;4;5;4;4;4;3;5;5;5;5;5;5;5;5;4,9;3,5;3,75;4,5;3,75;3,67;4,2;5
43;4016;3;5;5;5;5;5;3;3;3;5;3;3;3;5;3;5;5;5;5;5;4;3;3;2;2;4;4;4;2;2;3;5;5;5;4;5;4;4;4;4;5;3;5;5;5;5;5;4,2;3,5;4,5;5;3,25;2,33;4,5;4,67
44;4017;4;4;3;5;5;5;4;4;4;4;2;3;3;1;5;4;4;5;4;5;5;5;1;4;2;1;5;5;3;3;3;4;4;5;5;5;4;3;4;5;5;5;5;5;5;5;5;4,2;2,25;4,5;4,5;3,5;3;4,4;5
45;4018;4;3;4;2;2;3;3;3;4;5;4;2;3;3;4;3;3;2;2;2;1;1;1;1;1;1;1;1;3;3;4;4;4;4;4;4;5;4;2;4;4;4;3;4;4;4;4;3,3;3;3;2;1;3,33;3,9;3,83
46;4019;3;3;3;2;3;3;2;3;2;2;3;3;3;3;3;2;2;2;3;3;2;2;2;2;2;2;2;2;2;1;2;5;5;5;5;5;4;5;3;5;5;4;4;5;2;2;5;2,6;3;2,25;3;2;1,67;4,7;3,67
47;4020;5;3;4;1;3;3;3;2;3;3;3;2;3;2;3;5;3;3;5;2;1;1;1;1;1;1;1;1;2;2;2;4;4;4;4;3;4;3;3;3;5;4;4;4;5;5;5;3;2,5;3,5;3,5;1;2;3,7;4,5
48;4021;2;2;4;3;3;1;1;1;1;3;2;2;1;3;3;3;1;3;2;3;1;2;1;1;1;1;1;1;1;1;1;4;4;4;4;4;3;4;3;3;4;3;4;4;5;5;5;2,1;2;2,5;2,5;1,13;1;3,7;4,33
49;4023;4;4;3;3;3;3;3;3;3;4;4;4;5;5;5;5;4;3;3;3;5;5;2;3;3;4;2;4;3;3;3;5;5;5;5;5;5;5;5;5;5;5;2;4;5;4;5;3,3;4,5;4,25;3;3,5;3;5;4,17
50;4024;4;4;4;4;4;4;4;4;5;5;3;3;4;5;3;3;3;3;5;4;4;5;4;4;3;3;3;3;3;3;3;4;4;4;4;5;5;4;3;4;4;5;3;4;5;5;5;4,2;3,75;3;4,5;3,63;3;4,1;4,5
51;4025;5;5;5;5;3;3;3;5;5;5;3;3;4;4;1;2;2;2;2;5;2;5;2;2;2;2;2;4;3;3;2;4;4;4;4;4;4;4;3;3;3;4;5;5;4;5;5;4,4;3,5;1,75;3,5;2,63;2,67;3,7;4,67
52;4027;3;3;3;3;3;3;3;3;3;3;3;3;3;3;3;5;3;3;2;3;3;3;3;2;2;2;2;4;2;2;3;4;4;4;4;4;4;4;3;4;4;4;3;2;5;5;5;3;3;3,5;2,5;2,63;2,33;3,9;4
53;4028;5;5;4;3;5;3;3;2;2;5;3;3;5;2;5;5;4;4;3;4;1;2;1;2;1;1;2;3;2;2;2;4;3;3;4;4;4;2;2;3;3;2;1;4;5;5;5;3,7;3,25;4,5;3,5;1,63;2;3,2;3,67
54;4031;2;4;5;5;4;4;4;5;3;4;3;3;5;3;1;5;4;3;5;5;3;5;2;3;2;2;3;2;3;3;3;5;4;4;5;5;4;5;5;5;4;5;5;5;5;5;5;4;3,5;3,25;5;2,75;3;4,6;5
55;4032;3;3;4;4;3;3;3;3;3;2;1;5;3;4;5;4;3;3;1;1;4;4;5;4;4;4;4;4;1;3;2;4;4;4;3;4;4;3;2;2;2;4;4;2;5;2;1;3,1;3,25;3,75;1;4,13;2;3,2;3
56;4035;3;3;4;3;3;3;3;2;3;5;3;2;2;3;4;4;4;2;2;2;3;3;2;3;2;3;3;4;3;3;3;3;4;4;4;4;4;3;3;4;3;4;2;4;5;5;5;3,2;2,5;3,5;2;2,88;3;3,6;4,17
57;4036;3;3;3;3;3;3;3;3;3;3;2;2;5;2;3;4;4;1;3;3;3;3;2;2;3;1;1;1;3;3;3;4;4;4;4;4;4;4;1;3;4;4;1;4;3;3;3;3;2,75;3;3;2;3;3,6;3
58;4040;3;3;3;3;3;3;3;3;3;3;1;2;1;4;1;3;3;2;1;1;3;1;1;1;2;1;1;1;1;1;1;3;4;3;4;3;3;3;2;4;3;3;2;4;3;2;3;3;2;2,25;1;1,38;1;3,2;2,83
59;4041;3;3;3;3;3;3;3;3;3;3;1;2;4;3;4;3;2;2;1;5;3;3;2;2;2;3;2;2;3;3;5;4;5;5;4;5;5;3;5;5;5;5;5;4;5;5;4;3;2,5;2,75;3;2,38;3,67;4,6;4,67
60;4043;2;2;4;3;3;3;1;2;2;3;1;2;1;3;4;2;1;2;2;1;1;2;3;1;2;2;1;1;1;1;1;4;4;4;4;4;4;4;3;3;3;4;4;2;5;3;3;2,5;1,75;2,25;1,5;1,63;1;3,7;3,5
61;4044;3;3;3;3;4;3;3;4;3;5;2;1;4;1;1;2;2;2;2;1;2;3;2;1;1;2;2;1;1;1;1;4;4;4;4;4;4;4;3;3;3;4;4;4;4;4;2;3,4;2;1,75;1,5;1,75;1;3,7;3,67
62;4046;4;4;4;5;4;4;2;4;4;4;5;3;5;4;3;4;3;1;3;3;4;3;3;3;4;3;2;3;3;3;2;4;4;4;4;3;4;3;2;2;3;4;3;3;3;4;3;3,9;4,25;2,75;3;3,13;2,67;3,3;3,33
63;4047;5;5;5;5;5;4;5;5;5;3;3;3;5;5;4;3;3;4;3;1;2;5;4;5;5;5;4;4;2;2;4;4;4;4;5;5;5;5;5;5;5;4;1;4;5;5;5;4,7;4;3,5;2;4,25;2,67;4,7;4
64;4049;3;3;3;4;1;3;3;4;3;3;2;2;3;3;3;3;3;2;4;4;3;4;2;3;3;1;2;3;1;2;2;4;5;5;4;4;4;3;2;3;4;3;2;5;4;4;4;3;2,5;2,75;4;2,63;1,67;3,8;3,67
65;4050;3;2;1;1;1;1;1;4;2;3;1;2;3;1;3;2;1;3;2;1;1;1;1;1;1;1;1;1;1;1;1;4;3;4;4;3;4;4;2;3;3;4;1;2;2;2;3;1,9;1,75;2,25;1,5;1;1;3,4;2,33
66;4052;2;3;3;3;2;3;3;3;5;4;2;2;5;2;2;3;3;3;2;3;1;3;3;2;2;1;1;2;3;3;3;4;4;4;4;3;4;4;3;4;3;4;3;5;4;4;4;3,1;2,75;2,75;2,5;1,88;3;3,7;4
67;4053;5;5;5;5;5;2;2;3;3;5;1;2;3;3;3;3;3;3;5;4;2;3;1;1;1;1;1;1;1;1;1;5;4;4;4;4;4;4;3;5;3;4;4;5;5;5;5;4;2,25;3;4,5;1,38;1;4;4,67
68;4054;4;4;4;5;4;4;4;4;4;3;2;2;3;2;3;5;4;3;2;3;1;2;2;4;2;2;2;2;2;2;2;1;4;4;5;5;5;4;2;4;5;4;4;4;5;5;5;4;2,25;3,75;2,5;2,13;2;3,9;4,5
69;4055;5;5;5;5;5;5;5;5;5;5;3;5;5;3;3;4;4;4;5;4;3;3;3;3;4;3;2;3;3;3;2;5;5;5;5;5;4;4;4;5;4;4;4;5;5;5;5;5;4;3,75;4,5;3;2,67;4,6;4,67
70;4056;3;5;4;5;5;5;5;5;5;5;4;3;4;3;4;5;4;3;3;3;3;3;3;3;3;3;2;3;3;3;3;4;4;4;5;4;4;4;4;4;4;5;2;5;4;3;2;4,7;3,5;4;3;2,88;3;4,1;3,5
71;4057;3;3;3;2;3;3;2;3;3;1;3;1;2;1;1;1;3;1;1;1;1;2;1;3;2;2;1;1;1;1;1;4;4;5;4;4;4;5;4;3;3;4;2;2;2;2;2;2,6;1,75;1,5;1;1,63;1;4;2,33
72;4058;5;5;5;5;5;5;5;5;5;5;3;4;3;5;1;2;3;3;3;4;3;4;1;3;1;4;1;1;2;2;4;4;4;4;4;4;4;3;3;3;3;3;3;3;2;4;2;5;3,75;2,25;3,5;2,25;2,67;3,6;2,83
73;4059;4;4;4;4;4;3;4;4;4;4;2;2;1;2;1;3;3;1;2;4;1;1;1;1;1;1;3;1;1;1;1;4;4;4;4;3;4;4;2;3;3;4;1;4;3;4;3;3,9;1,75;2;3;1,25;1;3,5;3,17
74;4060;3;3;2;2;3;3;3;1;3;2;3;2;2;3;1;1;2;2;1;1;1;2;1;1;1;1;1;1;1;1;1;4;4;4;4;4;4;3;3;3;3;4;1;5;1;2;4;2,5;2,5;1,5;1;1,13;1;3,6;2,83
75;4061;3;2;3;1;2;2;2;3;3;1;1;2;1;1;2;2;2;2;2;3;1;1;1;1;2;1;1;1;2;2;2;4;4;4;4;4;4;3;2;2;2;4;2;4;3;1;1;2,2;1,25;2;2,5;1,13;2;3,3;2,5
76;4062;4;4;4;4;3;3;3;4;4;4;1;3;3;3;1;3;3;3;4;2;2;2;1;2;2;2;1;2;1;1;1;4;4;3;5;4;4;3;4;2;4;4;2;4;5;5;4;3,7;2,5;2,5;3;1,75;1;3,7;4
77;4100;1;1;1;1;1;1;1;1;1;1;1;1;3;1;4;3;3;3;1;4;2;2;1;5;2;1;1;1;1;1;1;4;4;4;4;4;4;4;4;4;4;4;3;2;3;3;3;1;1,5;3,25;2,5;1,88;1;4;3
78;4105;1;1;1;1;1;1;1;1;1;1;3;3;1;1;1;1;3;1;2;1;1;1;1;1;1;1;1;1;1;1;1;1;1;2;2;2;3;2;1;1;1;2;2;2;1;2;1;1;2;1,5;1,5;1;1;1,6;1,67
79;4112;3;3;3;3;3;3;2;3;3;3;3;3;3;5;4;2;4;3;3;4;3;2;2;2;3;3;3;2;3;1;1;3;3;3;3;4;4;3;3;3;4;4;4;4;5;5;5;2,9;3,5;3,25;3,5;2,5;1,67;3,3;4,5
80;4212;1;1;2;1;1;1;1;1;1;1;1;1;1;1;1;1;2;3;1;1;1;1;1;1;1;1;1;1;1;1;1;1;1;4;1;2;3;4;3;1;3;1;1;1;1;1;1;1,1;1;1,75;1;1;1;2,3;1
81;4215;4;3;5;3;3;3;3;3;3;3;4;3;3;5;5;1;1;2;2;4;1;1;1;1;1;1;1;1;2;2;1;5;5;5;4;4;5;3;2;4;4;4;4;4;3;3;3;3,3;3,75;2,25;3;1;1,67;4,1;3,5
82;4310;3;3;3;3;3;3;3;3;3;3;3;3;3;3;3;3;4;3;4;3;2;2;3;3;2;2;2;2;2;2;3;4;4;4;4;4;4;4;3;4;4;4;4;4;5;5;4;3;3;3,25;3,5;2,25;2,33;3,9;4,33
83;4317;3;3;3;3;3;3;3;3;3;3;3;3;2;2;1;1;1;1;1;3;1;1;1;1;2;1;1;1;1;1;1;3;3;4;3;1;3;2;2;3;3;3;1;1;3;1;1;3;2,5;1;2;1,13;1;2,7;1,67
84;4331;3;3;3;1;1;1;1;2;3;3;3;3;3;3;1;4;3;2;2;3;2;1;2;1;2;1;1;2;1;1;1;4;4;4;4;4;3;3;3;2;4;4;1;5;3;3;5;2,1;3;2,5;2,5;1,5;1;3,5;3,5
85;4332;2;2;4;1;3;3;3;3;3;3;3;3;1;2;3;3;3;3;1;1;2;1;2;2;2;2;1;1;1;1;1;4;4;4;4;3;4;4;4;4;3;4;4;4;4;4;4;2,7;2,25;3;1;1,63;1;3,8;4
86;4502;3;3;3;3;3;3;3;3;3;3;3;3;3;3;3;3;3;3;3;3;2;2;2;2;2;2;2;2;2;2;3;4;4;4;4;4;4;4;3;4;4;3;3;3;4;4;4;3;3;3;3;2;2,33;3,9;3,5
87;4504;3;3;3;3;3;3;3;3;3;3;1;1;1;1;1;3;1;1;4;1;1;1;1;1;1;1;1;1;1;1;1;4;4;4;4;4;4;4;1;4;3;4;4;3;4;4;4;3;1;1,5;2,5;1;1;3,6;3,83
88;4602;1;1;1;1;1;1;1;1;1;1;1;1;2;1;1;2;1;2;1;1;1;1;1;1;1;1;1;1;1;1;1;4;4;4;4;4;4;4;1;3;3;4;2;2;3;2;3;1;1,25;1,5;1;1;1;3,5;2,67
89;4604;5;5;5;5;5;5;5;5;5;5;5;5;4;2;5;5;5;3;5;4;1;3;2;2;2;1;1;1;1;1;2;4;4;4;4;2;4;4;2;4;3;4;1;2;2;3;2;5;4;4,5;4,5;1,63;1,33;3,5;2,33
90;4615;3;3;3;3;3;3;3;3;3;3;3;3;2;2;2;4;3;3;2;2;4;3;2;2;2;2;2;3;3;3;3;4;4;4;5;5;4;4;3;4;4;4;2;2;2;3;4;3;2,5;3;2;2,5;3;4,1;2,83
91;4630;3;2;3;1;3;3;3;3;3;3;1;3;1;2;1;2;1;3;3;5;2;2;2;2;2;2;2;2;1;3;2;4;4;5;5;4;4;5;5;3;5;4;4;5;5;4;5;2,7;1,75;1,75;4;2;2;4,4;4,5
92;4800;3;4;3;2;3;3;3;2;3;3;4;3;3;3;1;3;4;5;5;3;2;3;2;2;2;2;2;2;2;2;2;2;2;5;4;2;4;2;2;2;3;3;2;4;5;4;4;2,9;3,25;3,25;4;2,13;2;2,8;3,67
93;5100;5;5;5;5;5;5;5;4;3;5;3;2;4;2;4;5;4;4;4;5;3;3;2;1;3;2;2;2;1;1;1;4;4;4;5;4;4;3;3;3;3;4;5;4;4;4;4;4,7;2,75;4,25;4,5;2,25;1;3,7;4,17
94;5101;1;1;1;1;1;1;1;1;1;1;1;1;1;1;1;2;1;1;1;1;1;1;1;1;1;1;1;1;1;1;1;4;4;4;4;3;1;1;2;3;3;4;2;3;4;2;2;1;1;1,25;1;1;1;2,9;2,83
95;5102;1;1;1;1;1;1;1;1;1;2;2;1;1;1;1;2;2;1;1;2;1;1;1;1;1;1;1;1;1;1;1;4;4;4;4;2;4;3;3;3;3;4;2;2;4;1;2;1,1;1,25;1,5;1,5;1;1;3,4;2,5
96;5103;1;1;1;1;1;1;1;1;1;1;1;1;1;1;1;1;1;1;1;1;1;1;1;1;1;1;1;1;1;1;1;4;4;4;4;3;1;3;2;1;3;4;2;2;2;1;1;1;1;1;1;1;1;2,9;2
97;5104;2;2;3;3;3;3;3;2;1;3;1;1;1;1;1;2;1;1;2;1;1;1;1;1;1;1;1;1;1;1;1;4;4;4;4;2;4;3;1;3;4;4;4;2;4;3;3;2,5;1;1,25;1,5;1;1;3,3;3,33
98;5105;3;3;1;2;2;2;2;2;2;3;1;1;1;1;1;1;2;1;1;1;1;1;1;1;1;1;1;1;1;1;1;4;4;4;4;2;1;2;1;2;1;3;4;2;3;2;3;2,2;1;1,25;1;1;1;2,5;2,83
99;5106;3;3;4;3;3;3;3;3;3;3;1;1;1;1;1;2;2;2;3;3;1;3;1;1;1;1;1;1;1;1;1;4;4;4;4;3;4;3;3;3;3;4;4;4;5;3;2;3,1;1;1,75;3;1,25;1;3,5;3,67
100;5107;2;2;3;1;2;3;2;3;1;3;1;1;1;1;1;1;3;2;2;1;1;1;1;1;1;1;1;1;1;1;1;4;4;4;4;1;1;2;1;2;1;3;3;2;2;2;2;2,2;1;1,75;1,5;1;1;2,4;2,33
101;5108;1;1;1;1;1;1;1;1;1;1;1;1;1;1;1;1;1;1;1;1;1;1;1;1;1;1;1;1;1;1;1;4;4;4;4;2;1;3;1;3;1;1;2;4;1;5;2;1;1;1;1;1;1;2,7;2,5
102;5109;1;1;1;1;2;2;2;2;1;3;1;1;1;1;2;2;2;1;1;1;1;1;1;1;1;1;1;1;1;1;1;4;4;4;3;3;3;2;1;1;4;2;2;2;1;4;1;1,6;1;1,75;1;1;1;2,9;2
103;5110;1;1;1;1;1;1;1;1;1;1;1;1;1;1;1;1;1;1;1;2;1;1;1;1;2;1;1;1;1;1;1;4;4;4;4;3;4;2;3;3;3;4;3;2;3;4;4;1;1;1;1,5;1,13;1;3,4;3,33
104;5111;1;1;1;3;2;2;3;1;1;3;1;1;1;1;1;2;1;1;1;1;1;1;1;1;1;1;1;1;1;1;1;4;4;4;4;3;1;1;2;3;3;4;3;2;2;2;3;1,8;1;1,25;1;1;1;2,9;2,67
105;5112;3;3;3;3;3;3;3;2;3;3;3;2;1;1;1;1;2;1;2;1;1;1;2;1;1;1;1;1;1;1;1;4;4;4;4;4;3;3;4;4;4;4;3;3;4;3;4;2,9;1,75;1,25;1,5;1,13;1;3,8;3,5
106;5113;3;3;3;3;3;3;3;3;3;3;1;1;1;1;1;1;2;1;1;1;1;1;2;1;1;1;1;1;1;1;1;4;4;4;4;4;1;3;4;4;4;4;2;4;4;4;3;3;1;1,25;1;1,13;1;3,6;3,5
107;5114;2;2;3;3;1;3;3;3;3;3;1;2;1;1;3;1;3;2;2;3;2;2;2;2;2;2;2;2;2;2;1;4;4;4;4;4;3;3;3;3;4;4;4;4;4;4;3;2,6;1,25;2,25;2,5;2;1,67;3,6;3,83
108;5115;3;3;4;3;2;3;3;2;3;2;1;3;1;1;1;2;2;2;2;2;1;2;3;2;2;1;1;1;1;1;1;4;3;3;4;4;4;3;2;3;4;4;4;4;4;3;3;2,8;1,5;1,75;2;1,63;1;3,4;3,67
109;5116;3;3;4;1;3;3;3;2;3;3;1;1;1;1;1;1;1;2;2;2;1;1;1;1;1;1;1;1;1;1;1;4;4;3;4;4;4;1;4;3;4;4;2;4;3;4;3;2,8;1;1,25;2;1;1;3,5;3,33
110;5117;3;2;3;2;3;3;3;2;3;3;2;2;2;2;1;1;3;1;1;2;1;3;2;2;1;1;1;1;2;1;1;4;4;3;4;4;4;3;3;3;3;4;3;2;4;4;4;2,7;2;1,5;1,5;1,5;1,33;3,5;3,5
111;5118;3;1;3;3;3;3;3;3;1;1;1;1;1;1;2;1;2;2;1;1;1;1;1;1;1;1;1;1;1;1;1;4;4;4;4;4;4;3;2;4;4;4;4;4;5;5;5;2,4;1;1,75;1;1;1;3,7;4,5
112;5171;3;3;3;3;3;3;3;3;3;3;1;1;1;1;1;1;1;1;1;2;1;1;1;1;1;1;1;1;1;1;1;4;4;4;4;4;4;3;4;4;4;4;2;2;3;3;4;3;1;1;1,5;1;1;3,9;3
113;5172;5;5;5;5;5;5;5;5;5;5;4;4;2;2;3;3;5;2;2;3;3;2;3;3;2;1;2;3;1;1;2;4;4;4;4;4;5;5;2;3;4;4;4;4;4;4;4;5;3;3,25;2,5;2,38;1,33;3,9;4
114;5173;1;1;1;1;2;3;1;2;1;3;1;2;1;1;1;1;1;1;1;1;1;1;1;1;1;1;1;1;1;1;1;4;4;4;4;2;2;3;2;1;3;4;1;2;1;3;2;1,6;1,25;1;1;1;1;2,9;2,17
115;5174;1;1;3;1;3;3;1;1;1;1;1;1;2;1;1;3;3;1;1;1;1;1;1;1;1;1;1;1;1;1;1;4;4;4;4;3;4;3;1;3;3;4;3;4;5;2;5;1,6;1,25;2;1;1;1;3,3;3,83
116;5175;3;3;3;3;3;3;3;3;3;3;1;1;1;1;1;1;1;1;2;1;1;1;1;1;1;1;1;1;1;1;1;4;4;1;4;4;1;3;1;4;4;4;4;4;1;1;1;3;1;1;1,5;1;1;3;2,5
117;5200;4;4;4;4;4;4;5;5;4;5;3;3;1;2;3;3;3;1;2;3;2;2;3;3;3;3;2;3;2;1;1;4;4;4;4;4;4;3;2;4;4;4;2;4;4;4;4;4,3;2,25;2,5;2,5;2,63;1,33;3,7;3,67
118;5201;4;4;4;4;4;4;4;4;4;4;3;4;3;5;3;4;4;3;4;3;2;3;3;2;2;2;2;3;1;1;2;4;4;3;4;4;4;3;3;4;4;4;3;4;4;4;4;4;3,75;3,5;3,5;2,38;1,33;3,7;3,83
119;5202;3;3;4;3;3;3;3;2;3;3;1;1;1;1;1;2;3;2;2;3;1;1;1;1;1;1;1;1;1;1;1;4;4;4;4;4;3;3;3;4;4;4;1;2;2;5;5;3;1;2;2,5;1;1;3,7;3,17
120;5203;4;4;3;5;5;5;5;5;5;3;3;2;2;1;3;4;3;2;2;2;1;2;1;2;2;1;1;1;1;1;1;4;4;4;4;3;4;3;4;3;3;4;2;4;3;4;5;4,4;2;3;2;1,38;1;3,6;3,67
121;5204;2;2;3;2;3;2;1;2;2;2;1;2;1;1;2;2;2;2;1;1;1;1;1;1;1;1;1;2;1;1;1;4;4;3;4;3;1;2;1;1;3;1;2;2;2;3;1;2,1;1,25;2;1;1,13;1;2,6;1,83
122;5205;3;3;3;2;2;1;2;2;2;3;1;1;1;1;1;3;3;2;1;1;1;1;1;1;1;1;1;1;1;1;1;4;4;4;4;3;4;1;1;3;3;4;4;3;3;3;4;2,3;1;2,25;1;1;1;3,1;3,5
123;5206;3;2;3;2;3;2;2;3;3;3;2;3;3;3;3;3;3;3;2;3;3;3;3;3;3;2;3;2;3;3;2;3;3;3;4;3;4;3;3;3;3;4;3;3;3;3;3;2,6;2,75;3;2,5;2,75;2,67;3,2;3,17
124;5207;3;3;2;3;3;3;3;2;3;3;1;1;3;1;1;2;3;2;2;1;1;1;1;1;1;1;1;1;1;1;1;4;4;4;3;3;2;4;3;4;3;4;3;4;5;5;5;2,8;1,5;2;1,5;1;1;3,4;4,33
125;5208;3;3;3;3;3;3;1;3;3;3;2;2;2;3;2;4;2;3;3;3;3;2;2;2;2;2;2;1;1;1;1;4;4;4;4;3;1;3;2;3;3;1;1;3;4;4;5;2,8;2,25;2,75;3;2;1;3,1;3
126;5209;5;4;4;5;4;4;4;4;5;4;1;2;2;1;1;1;1;2;2;3;2;1;1;2;1;1;1;1;1;1;1;4;4;4;4;3;1;3;3;4;3;4;4;4;5;2;2;4,3;1,5;1,25;2,5;1,25;1;3,3;3,5
127;5210;3;2;3;1;3;3;3;3;1;2;1;1;1;1;1;1;1;1;2;1;2;2;2;1;1;1;1;1;1;1;1;4;3;3;4;1;1;1;1;2;3;4;2;3;3;3;3;2,4;1;1;1,5;1,38;1;2,3;3
128;5211;3;3;3;3;3;3;3;3;3;3;1;1;3;3;3;2;1;1;3;1;1;1;1;1;1;1;1;1;1;1;1;4;4;4;4;4;4;3;3;3;3;4;3;3;3;3;4;3;2;1,75;2;1;1;3,6;3,33
129;5212;2;2;4;1;3;3;3;3;1;3;3;2;1;1;1;4;2;1;3;4;1;1;1;1;1;1;1;1;1;1;2;1;1;4;4;4;1;4;1;4;3;4;1;4;1;1;1;2,5;1,75;2;3,5;1;1,33;2,7;2
130;5213;3;3;3;3;3;3;3;3;3;3;3;3;2;2;1;3;2;1;1;1;1;2;1;1;1;1;1;1;1;1;2;4;4;4;4;4;4;3;3;4;4;4;3;4;5;4;4;3;2,5;1,75;1;1,13;1,33;3,8;4
131;5214;2;3;3;1;2;3;3;2;1;1;1;1;1;1;1;1;1;1;1;3;1;1;1;1;1;1;1;1;1;1;1;4;4;4;4;3;1;2;2;3;1;4;1;2;1;1;1;2,1;1;1;2;1;1;2,8;1,67
132;5215;2;2;4;2;1;1;1;3;3;3;1;1;1;1;1;3;3;1;1;3;1;1;1;1;1;1;1;1;1;1;1;4;4;4;4;3;1;4;1;4;3;4;1;4;3;3;4;2,2;1;2;2;1;1;3,2;3,17
133;5216;1;1;1;1;1;1;2;2;1;2;1;1;1;1;1;4;3;2;2;2;1;1;1;1;1;1;1;1;1;1;1;4;4;4;4;3;3;3;3;3;4;4;2;4;5;5;2;1,3;1;2,5;2;1;1;3,5;3,67
134;5217;3;2;3;2;3;3;2;2;1;4;2;2;2;3;1;2;3;2;3;3;1;1;1;1;1;1;1;1;1;1;1;4;4;4;4;4;3;4;2;4;1;3;2;4;4;5;5;2,5;2,25;2;3;1;1;3,4;3,83
135;5218;3;2;4;2;3;3;3;3;3;3;1;2;1;1;1;3;3;1;2;1;1;1;1;1;1;1;1;1;1;1;1;4;4;5;4;3;4;4;4;3;3;4;2;4;4;3;3;2,9;1,25;2;1,5;1;1;3,8;3,33
136;5219;2;2;3;3;3;3;2;2;1;1;1;1;1;2;1;1;3;1;1;1;1;1;1;1;1;1;1;1;1;1;1;4;4;4;4;2;4;3;1;4;1;4;1;2;4;1;1;2,2;1,25;1,5;1;1;1;3,1;2,17
137;5220;1;1;2;1;1;2;1;1;1;3;1;1;1;1;1;1;1;1;1;1;1;1;1;1;1;1;1;1;1;1;1;4;4;4;4;4;1;4;4;1;3;4;1;4;3;3;1;1,4;1;1;1;1;1;3,3;2,67
138;5221;3;2;3;3;3;3;3;3;3;3;1;1;1;3;1;2;1;1;2;2;1;1;1;1;1;1;1;1;1;1;1;4;4;4;4;3;3;3;1;3;3;4;2;2;3;3;4;2,9;1,5;1,25;2;1;1;3,2;3
139;5222;1;1;1;1;1;1;1;1;1;1;1;1;1;1;1;1;1;2;1;1;1;1;1;1;1;1;1;1;1;1;1;4;4;4;4;3;1;1;1;4;3;4;3;4;3;4;1;1;1;1,25;1;1;1;2,9;3,17
140;5223;3;2;3;2;3;3;2;2;1;1;1;2;1;1;1;3;3;3;2;2;1;1;1;1;1;1;1;1;1;1;1;4;4;4;4;4;4;3;4;4;4;4;4;4;4;3;4;2,2;1,25;2,5;2;1;1;3,9;3,83
141;5224;1;1;1;1;1;1;1;1;1;1;1;1;1;1;1;1;1;1;1;1;1;1;1;1;1;1;1;1;1;1;1;4;4;4;4;3;1;2;2;3;1;3;1;2;4;3;3;1;1;1;1;1;1;2,8;2,67
142;5225;3;3;3;3;3;3;3;2;3;3;1;1;1;1;1;1;1;1;1;1;1;1;1;1;1;1;1;1;1;1;1;1;1;1;4;1;1;1;1;1;1;4;1;4;1;1;1;2,9;1;1;1;1;1;1,3;2
143;5271;2;2;3;2;3;3;3;3;2;3;1;1;2;2;3;3;3;3;3;3;1;2;1;1;1;1;1;1;1;1;1;4;4;4;4;4;4;2;4;3;4;4;4;4;3;4;2;2,6;1,5;3;3;1,13;1;3,7;3,5
144;5272;3;1;2;4;3;4;2;3;3;3;3;3;5;4;4;4;2;3;2;3;1;1;1;1;1;1;1;1;1;1;1;4;4;4;4;4;4;3;2;3;3;5;4;5;3;2;4;2,8;3,75;3,25;2,5;1;1;3,5;3,83
145;5273;3;3;3;3;3;3;3;3;3;3;3;3;3;2;3;3;3;3;3;3;1;2;1;1;1;1;1;1;1;1;1;4;4;4;3;4;3;3;3;4;4;4;3;4;3;4;5;3;2,75;3;3;1,13;1;3,6;3,83
146;5274;4;4;3;1;3;3;4;4;4;3;3;3;1;1;3;3;3;2;3;3;1;1;1;1;1;1;1;1;1;1;1;4;4;4;4;4;4;3;3;3;3;4;2;4;4;3;4;3,3;2;2,75;3;1;1;3,6;3,5
147;5275;2;2;3;2;3;2;3;3;2;3;1;2;2;1;3;3;3;3;2;3;2;2;2;2;3;2;3;2;1;2;2;4;4;4;4;4;4;3;3;4;4;4;2;4;5;1;1;2,5;1,5;3;2,5;2,25;1,67;3,8;2,83
148;5276;3;2;3;3;2;2;2;3;3;3;1;2;2;1;3;2;2;1;1;1;1;1;1;1;1;1;1;1;1;1;1;4;4;4;4;3;1;3;1;3;2;4;2;2;3;4;3;2,6;1,5;2;1;1;1;2,9;3
149;5277;3;3;4;3;3;3;3;3;3;3;3;3;2;2;1;2;3;1;2;2;1;1;1;1;1;1;1;1;1;1;1;4;4;4;4;3;4;1;3;3;1;4;2;2;3;3;4;3,1;2,5;1,75;2;1;1;3,1;3
150;5278;3;3;4;3;3;3;3;3;3;3;1;1;1;1;1;2;2;1;3;1;1;1;1;1;2;1;1;1;1;1;1;4;4;4;4;3;1;1;1;2;1;4;1;3;4;3;2;3,1;1;1,5;2;1,13;1;2,5;2,83
151;5300;3;3;4;4;1;3;3;3;3;3;2;3;1;2;2;3;2;4;2;3;1;1;1;1;2;1;1;1;2;2;2;4;4;4;4;5;4;4;3;4;4;4;3;2;4;5;5;3;2;2,75;2,5;1,13;2;4;3,83
152;5301;2;2;3;3;3;3;3;3;2;4;2;3;4;2;1;4;2;3;3;3;2;2;2;2;2;2;2;2;2;2;2;4;4;4;4;4;3;3;3;1;4;4;3;4;3;4;4;2,8;2,75;2,5;3;2;2;3,4;3,67
153;5302;3;2;4;1;3;3;3;3;3;3;1;1;3;2;1;1;2;2;2;3;3;1;3;1;2;1;1;1;1;1;3;4;4;4;4;4;4;4;4;3;4;4;3;2;5;3;1;2,8;1,75;1,5;2,5;1,63;1,67;3,9;3
154;5304;3;3;3;3;3;3;3;3;3;3;1;1;1;3;3;4;2;2;3;2;1;1;1;1;1;1;1;1;1;1;1;4;4;4;4;4;4;2;3;3;4;4;4;4;5;5;4;3;1,5;2,75;2,5;1;1;3,6;4,33
155;5305;2;2;1;1;2;3;3;1;1;2;1;1;1;2;3;1;2;1;2;1;1;1;1;1;1;1;1;1;1;1;1;4;4;4;4;4;1;1;2;2;4;4;2;2;4;5;4;1,8;1,25;1,75;1,5;1;1;3;3,5
156;5306;1;3;3;1;1;1;1;1;1;3;1;2;1;1;1;2;3;1;1;1;1;1;1;1;1;1;1;1;1;1;1;4;4;4;3;4;4;1;1;3;3;3;1;4;5;5;5;1,6;1,25;1,75;1;1;1;3,1;3,83
157;5307;3;3;3;4;4;4;4;4;4;3;2;1;1;3;3;1;3;2;2;1;1;1;1;1;1;1;1;1;1;1;1;4;4;4;4;3;4;4;3;3;3;4;2;4;3;3;2;3,6;1,75;2,25;1,5;1;1;3,6;3
158;5308;1;1;3;3;2;2;1;2;2;2;1;1;2;2;2;3;4;1;2;1;1;1;1;1;1;1;1;1;1;1;1;4;4;4;4;4;4;3;4;3;3;4;2;2;4;4;4;1,9;1,5;2,5;1,5;1;1;3,7;3,33
159;5309;5;3;3;3;3;3;3;3;3;5;3;2;2;1;2;2;2;3;2;3;1;2;1;1;1;1;1;1;2;2;2;4;4;4;5;4;4;4;4;3;4;5;4;2;4;5;3;3,4;2;2,25;2,5;1,13;2;4;3,83
160;5312;3;3;4;3;3;4;4;2;3;4;1;1;3;2;3;3;4;4;2;3;1;1;1;1;2;1;1;1;1;1;1;4;4;4;4;4;4;4;3;3;4;4;3;4;4;4;3;3,3;1,75;3,5;2,5;1,13;1;3,8;3,67
161;5313;3;3;3;2;3;3;3;3;3;3;3;3;2;2;2;2;2;2;2;3;2;1;2;2;1;1;1;2;1;1;1;4;4;4;4;3;3;1;3;3;4;4;2;4;4;5;3;2,9;2,5;2;2,5;1,5;1;3,3;3,67
162;5371;5;5;5;5;5;5;5;5;5;5;3;3;2;4;3;3;3;3;3;3;2;2;2;2;2;2;1;2;1;1;2;4;4;4;5;5;4;4;3;3;4;4;3;2;4;4;4;5;3;3;3;1,88;1,33;4;3,5
163;5373;4;3;3;3;3;3;3;3;3;3;4;3;2;2;4;5;3;3;1;4;3;3;3;3;2;3;3;1;3;3;3;4;4;4;4;4;3;3;3;3;4;4;4;4;5;5;5;3,1;2,75;3,75;2,5;2,63;3;3,6;4,5
164;5400;3;3;3;3;3;4;2;5;3;5;3;3;4;4;5;5;5;3;2;4;3;3;2;3;2;3;2;2;3;3;2;4;4;4;4;5;4;3;3;5;5;4;4;4;5;5;5;3,4;3,5;4,5;3;2,5;2,67;4,1;4,5
165;5401;1;1;3;1;2;3;2;2;1;3;1;1;1;1;1;1;3;2;2;3;1;1;1;1;1;1;1;1;1;1;1;4;4;4;4;4;3;3;3;3;5;4;3;4;4;5;4;1,9;1;1,75;2,5;1;1;3,7;4
166;5402;2;2;1;1;2;1;2;2;1;3;2;1;3;3;3;2;3;2;2;2;1;1;1;1;1;1;1;1;1;1;1;4;4;4;4;3;4;3;1;3;1;1;1;4;5;3;5;1,7;2,25;2,5;2;1;1;3,1;3,17
167;5403;3;3;4;3;3;5;3;3;3;3;2;1;3;2;3;4;3;3;5;3;2;2;2;1;2;1;1;1;1;1;1;4;4;4;5;4;5;3;3;5;3;4;5;4;5;5;4;3,3;2;3,25;4;1,5;1;4;4,5
168;5404;4;4;5;5;4;4;4;4;5;3;3;2;2;2;4;4;4;2;4;3;3;3;2;1;3;3;3;3;1;1;1;4;4;4;4;3;3;3;3;3;5;5;5;5;5;4;4;4,2;2,25;3,5;3,5;2,63;1;3,6;4,67
169;5405;4;3;3;1;1;1;1;1;3;4;2;2;3;3;4;3;4;3;4;2;1;1;1;1;1;1;1;1;1;1;1;4;4;4;4;3;3;3;2;1;4;4;1;2;5;3;3;2,2;2,5;3,5;3;1;1;3,2;3
170;5406;5;5;5;3;5;3;5;3;5;5;5;5;3;2;3;5;3;3;5;3;4;3;3;4;3;2;2;4;3;3;3;5;5;5;5;5;3;4;4;5;5;5;5;5;5;5;5;4,4;3,75;3,5;4;3,13;3;4,6;5
171;5407;2;2;4;1;4;3;3;3;3;5;1;1;3;2;3;5;3;3;4;4;1;1;1;1;1;1;1;1;1;1;1;4;4;4;4;5;4;4;3;4;5;4;4;4;5;5;5;3;1,75;3,5;4;1;1;4,1;4,5
172;5408;2;1;1;1;1;1;2;2;1;3;2;2;1;2;2;3;1;2;2;2;1;2;1;1;1;1;1;2;1;1;1;4;4;2;3;2;2;2;2;2;4;4;4;4;2;2;3;1,5;1,75;2;2;1,25;1;2,7;3,17
173;5409;1;1;1;1;1;1;1;1;1;1;1;1;1;1;1;1;3;1;1;1;1;1;1;1;1;1;1;1;1;1;1;3;3;3;4;1;3;1;1;1;1;4;1;4;1;1;1;1;1;1,5;1;1;1;2,1;2
174;5410;4;4;3;4;3;3;3;4;4;5;2;3;2;2;2;3;3;2;2;2;2;3;3;2;2;1;1;2;3;3;2;4;4;3;4;4;1;3;3;3;4;4;3;4;3;4;4;3,7;2,25;2,5;2;2;2,67;3,3;3,67
175;5411;3;3;4;3;3;3;3;3;3;3;3;3;2;1;1;2;3;2;2;2;2;3;2;2;2;2;2;2;3;1;3;4;4;4;3;3;4;2;3;3;3;4;3;4;3;4;3;3,1;2,25;2;2;2,13;2,33;3,3;3,5
176;5412;3;4;4;2;4;4;3;4;2;3;2;3;3;3;3;2;3;2;2;2;3;4;3;1;3;1;2;1;2;2;4;1;3;3;3;3;2;3;3;2;4;4;3;4;4;4;2;3,3;2,75;2,5;2;2,25;2,67;2,7;3,5
177;5471;1;2;3;1;2;2;1;1;1;1;1;2;2;1;1;3;3;2;1;1;2;1;1;1;1;1;1;1;1;2;1;4;4;4;5;4;4;3;3;3;4;4;1;4;4;4;4;1,5;1,5;2,25;1;1,13;1,33;3,8;3,5
178;5472;3;4;3;3;1;3;3;3;3;3;2;2;2;1;2;3;3;3;3;3;3;3;3;3;2;3;3;2;3;3;3;4;4;4;4;3;3;1;2;3;3;3;4;4;3;3;4;2,9;1,75;2,75;3;2,75;3;3,1;3,5
179;5473;3;3;3;3;3;4;4;4;4;4;2;3;3;3;3;3;3;3;3;3;1;3;2;3;3;2;2;2;3;3;1;4;4;4;4;3;3;3;3;3;3;4;2;3;3;4;4;3,5;2,75;3;3;2,25;2,33;3,4;3,33
180;5474;3;3;4;3;3;3;3;3;3;3;3;3;2;3;5;3;3;3;2;3;1;1;1;1;1;1;1;1;1;1;1;4;4;4;5;5;4;3;5;5;5;4;5;4;5;5;5;3,1;2,75;3,5;2,5;1;1;4,4;4,67
181;5475;5;5;5;5;5;5;5;4;5;5;3;3;3;2;3;3;3;3;3;3;2;3;3;2;2;2;1;1;2;2;2;5;4;4;4;4;4;3;4;4;3;5;3;5;4;5;4;4,9;2,75;3;3;2;2;3,9;4,33
182;5476;3;3;3;3;3;3;3;3;2;3;3;3;3;2;4;4;4;3;3;3;1;4;3;2;3;1;1;2;2;2;2;4;4;3;4;4;4;3;3;4;4;3;2;3;5;4;4;2,9;2,75;3,75;3;2,13;2;3,7;3,5
183;5477;3;3;4;4;4;5;3;3;4;3;1;2;1;1;2;1;1;1;3;4;1;1;1;1;1;1;1;1;2;2;1;4;4;4;4;4;3;3;3;3;3;4;3;4;3;3;3;3,6;1,25;1,25;3,5;1;1,67;3,5;3,33
184;5500;2;3;3;4;3;3;1;4;2;3;3;3;1;2;3;3;3;2;4;3;3;2;2;2;1;1;1;2;2;2;2;4;4;4;4;5;5;3;4;5;3;5;4;5;5;4;5;2,8;2,25;2,75;3,5;1,75;2;4,1;4,67
185;5501;4;4;4;4;4;4;4;3;4;4;1;1;2;2;5;3;3;3;4;3;1;1;1;1;1;1;1;1;1;1;1;4;4;4;4;5;4;4;3;4;4;4;3;5;2;5;3;3,9;1,5;3,5;3,5;1;1;4;3,67
186;5502;1;1;1;3;2;2;1;1;1;1;1;1;1;2;1;1;1;1;1;1;1;1;1;1;1;1;1;1;1;1;1;4;4;3;4;2;3;3;2;2;4;1;1;2;2;1;1;1,4;1,25;1;1;1;1;3,1;1,33
187;5503;1;1;1;2;2;2;1;1;1;1;1;1;1;1;1;1;1;1;1;1;1;1;1;1;1;1;1;1;1;1;1;4;4;4;4;3;3;1;3;1;1;4;3;4;2;5;2;1,3;1;1;1;1;1;2,8;3,33
188;5504;3;3;4;3;3;3;3;3;3;3;3;3;1;2;1;1;1;1;2;3;1;1;1;1;1;1;2;1;1;3;1;4;1;3;4;3;3;3;3;3;3;3;3;1;3;3;3;3,1;2,25;1;2,5;1,13;1,67;3;2,67
189;5505;1;1;1;1;1;1;1;1;1;1;1;1;2;2;2;1;1;2;1;1;1;1;1;1;1;1;1;1;1;1;1;4;4;1;4;4;1;3;2;3;3;4;2;4;2;2;3;1;1,5;1,5;1;1;1;2,9;2,83
190;5506;4;4;4;3;5;3;3;3;1;5;4;3;1;2;1;3;3;1;5;4;1;1;3;1;2;1;1;1;1;1;1;4;4;4;4;5;4;2;1;3;3;4;4;4;4;3;2;3,5;2,5;2;4,5;1,38;1;3,4;3,5
191;5507;2;2;4;1;3;3;3;3;3;3;1;1;2;1;1;2;2;1;2;3;1;1;1;1;1;1;1;1;1;1;1;4;4;4;4;4;4;3;3;3;4;4;3;2;4;5;5;2,7;1,25;1,5;2,5;1;1;3,7;3,83
192;5508;2;2;1;2;2;3;1;1;1;3;2;2;3;1;1;2;3;1;2;1;1;1;1;1;1;1;1;1;1;1;1;4;4;3;4;4;1;3;1;1;1;4;2;2;3;4;4;1,8;2;1,75;1,5;1;1;2,6;3,17
193;5509;3;3;4;3;3;3;3;3;3;3;1;1;1;3;1;3;3;3;2;3;1;1;1;1;1;1;1;1;1;1;1;4;4;4;4;3;4;3;3;3;3;4;2;4;5;5;5;3,1;1,5;2,5;2,5;1;1;3,5;4,17
194;5571;5;5;5;5;5;5;5;5;5;5;2;3;5;2;3;5;5;5;5;5;3;2;2;3;3;2;4;4;3;3;3;5;5;5;5;5;5;5;3;3;5;5;5;5;4;5;5;5;3;4,5;5;2,88;3;4,6;4,83
195;5572;3;3;2;1;3;3;3;2;3;3;1;1;1;1;1;1;1;1;1;1;1;1;1;1;1;1;1;1;1;1;1;4;4;4;4;3;1;4;3;3;3;4;3;3;5;4;5;2,6;1;1;1;1;1;3,3;4
196;5600;2;2;3;3;3;3;3;3;2;3;1;1;2;1;3;3;3;2;2;2;1;1;1;1;2;1;1;1;1;1;1;4;4;4;4;4;4;3;4;3;4;4;3;3;2;2;4;2,7;1,25;2,75;2;1,13;1;3,8;3
197;5601;3;3;2;3;3;4;2;3;3;3;3;1;1;2;1;3;3;3;4;3;1;1;1;1;1;1;1;1;1;1;1;4;4;4;4;5;4;4;3;3;3;4;1;3;5;5;4;2,9;1,75;2,5;3,5;1;1;3,8;3,67
198;5602;2;2;3;2;2;3;3;3;1;3;1;2;3;1;1;2;3;1;3;3;1;1;1;1;2;1;1;1;1;1;1;4;4;4;4;4;3;4;3;4;3;4;3;3;4;4;4;2,4;1,75;1,75;3;1,13;1;3,7;3,67
199;5603;5;4;4;4;3;3;3;4;3;4;1;2;2;2;3;3;3;3;5;3;1;2;2;1;1;1;1;1;1;1;1;4;4;4;4;4;4;3;2;3;3;4;3;4;3;5;4;3,7;1,75;3;4;1,25;1;3,5;3,83
200;5604;1;1;4;1;1;1;1;3;1;3;1;1;2;1;1;3;2;2;2;3;1;1;1;1;1;1;1;1;1;1;1;4;4;4;4;4;2;3;1;3;2;4;3;3;2;3;3;1,7;1,25;2;2,5;1;1;3,1;3
201;5605;3;3;4;4;3;3;3;2;3;3;1;1;2;1;1;1;3;1;2;3;1;1;1;1;1;1;1;1;1;1;1;4;4;4;4;4;4;4;3;3;4;4;2;4;4;3;4;3,1;1,25;1,5;2,5;1;1;3,8;3,5
202;5606;3;3;3;3;3;3;3;3;3;3;3;2;2;2;3;3;3;3;3;3;1;2;3;2;3;2;1;2;2;2;2;4;4;4;4;3;4;3;3;4;4;4;2;4;4;3;4;3;2,25;3;3;2;2;3,7;3,5
203;5607;2;1;3;3;3;3;1;3;2;3;1;1;1;3;1;2;1;3;3;1;1;1;1;2;1;1;1;1;1;1;1;2;1;2;;;;;;;;;;;;;;2,4;1,5;1,75;2;1,13;1;0,5;0
204;5608;3;3;5;5;5;5;5;5;3;5;3;2;3;2;3;3;5;1;3;3;2;1;1;1;1;1;1;1;1;1;1;4;4;4;4;4;1;3;3;4;3;4;2;3;3;3;4;4,4;2,5;3;3;1,13;1;3,4;3,17
205;5609;2;2;2;3;3;2;1;2;1;1;2;1;1;1;2;2;1;1;1;3;1;1;1;1;2;1;1;1;1;1;1;4;4;2;4;4;4;3;1;3;4;4;2;4;4;3;3;1,9;1,25;1,5;2;1,13;1;3,3;3,33
206;5610;4;4;4;1;4;4;4;1;4;4;3;3;1;2;4;3;4;3;3;2;3;1;1;1;1;1;1;1;1;1;4;4;4;3;4;4;4;3;3;3;3;4;3;3;3;3;3;3,4;2,25;3,5;2,5;1,25;2;3,5;3,17
207;5611;2;2;1;1;1;1;1;1;2;3;1;2;3;1;2;3;2;1;2;3;1;1;1;1;1;1;1;1;1;1;1;4;4;4;4;3;1;1;1;1;3;4;3;2;1;2;1;1,5;1,75;2;2,5;1;1;2,6;2,17
208;5612;3;3;2;3;3;3;3;3;3;3;1;1;2;1;1;2;1;1;1;1;1;1;1;1;1;1;1;1;1;1;1;4;4;4;4;4;3;1;3;3;4;4;1;4;5;3;2;2,9;1,25;1,25;1;1;1;3,4;3,17
209;5671;3;3;4;1;3;3;3;3;3;3;4;2;2;2;3;1;2;2;1;2;1;1;1;1;1;1;1;1;1;1;1;4;4;4;4;3;4;3;2;3;3;4;4;5;4;4;1;2,9;2,5;2;1,5;1;1;3,4;3,67
210;5672;3;3;3;1;3;3;3;3;3;3;1;1;1;1;1;1;1;1;1;3;2;1;2;1;1;3;1;1;1;2;3;2;2;2;4;4;3;1;1;1;2;4;2;4;3;3;4;2,8;1;1;2;1,5;2;2,2;3,33
211;5673;3;3;4;3;3;3;3;3;3;3;2;2;3;1;3;3;3;3;2;3;3;3;3;1;1;1;1;1;2;2;2;4;4;4;4;3;3;3;3;4;3;4;3;3;3;3;3;3,1;2;3;2,5;1,75;2;3,5;3,17
212;5674;4;3;3;2;3;3;3;3;3;4;3;4;3;3;3;3;3;2;4;4;4;3;3;3;3;3;3;2;3;3;3;4;4;4;4;3;3;3;3;3;4;4;2;4;5;4;4;3,1;3,25;2,75;4;3;3;3,5;3,83
213;5675;1;3;3;3;2;1;3;3;1;3;1;3;2;2;3;3;3;2;3;1;3;3;3;3;3;3;3;1;3;2;2;1;4;4;1;2;2;4;3;1;1;4;1;2;3;4;3;2,3;2;2,75;2;2,75;2,33;2,3;2,83
214;5700;5;5;4;5;5;5;5;5;5;5;2;2;4;1;4;3;3;5;4;3;2;3;2;2;2;2;2;2;3;3;2;4;4;4;4;4;4;3;3;3;3;4;3;2;1;1;1;4,9;2,25;3,75;3,5;2,13;2,67;3,6;2
215;5701;3;2;4;2;1;3;3;3;3;3;1;1;1;1;1;1;1;1;1;3;1;1;1;1;1;1;1;1;1;1;1;4;4;4;4;2;4;3;3;3;3;4;2;2;5;5;5;2,7;1;1;2;1;1;3,4;3,83
216;5702;3;3;4;1;5;3;5;2;3;3;3;3;1;1;1;3;3;2;2;3;3;2;3;2;2;2;1;1;3;3;3;4;4;4;4;4;4;3;3;3;4;4;4;4;5;4;4;3,2;2;2,25;2,5;2;3;3,7;4,17
217;5703;4;4;3;1;4;4;4;3;4;4;2;2;2;1;2;3;3;3;2;2;1;1;1;1;1;2;1;1;1;1;1;4;4;3;4;3;4;2;2;1;3;4;2;3;4;5;2;3,5;1,75;2,75;2;1,13;1;3;3,33
218;5704;5;2;5;3;5;5;5;5;5;5;3;3;3;3;3;3;4;3;4;5;3;3;3;3;3;3;1;3;1;1;3;4;4;4;4;4;4;4;4;4;5;4;4;4;5;4;4;4,5;3;3,25;4,5;2,75;1,67;4,1;4,17
219;5705;4;4;4;4;4;4;4;4;4;4;3;3;2;2;5;3;3;3;5;3;3;4;2;3;3;2;3;2;1;1;3;4;4;4;4;3;4;3;3;3;3;4;4;4;4;5;4;4;2,5;3,5;4;2,75;1,67;3,5;4,17
220;5706;3;4;3;4;4;4;2;2;4;3;3;3;2;2;5;4;5;4;4;3;2;2;2;2;3;3;2;5;2;2;2;5;4;4;5;3;5;4;3;3;3;4;4;5;3;5;5;3,3;2,5;4,5;3,5;2,63;2;3,9;4,33
221;5771;3;3;4;3;3;3;3;3;3;3;1;1;1;2;1;5;5;4;2;4;1;1;1;1;1;1;1;1;1;1;1;4;4;4;4;4;4;3;3;3;4;4;3;2;4;4;4;3,1;1,25;3,75;3;1;1;3,7;3,5
222;5800;4;4;4;3;4;4;4;4;4;3;2;2;3;2;2;3;3;2;2;3;1;1;1;1;1;1;1;1;3;3;3;4;4;4;4;4;5;3;3;3;3;4;4;4;3;5;5;3,8;2,25;2,5;2,5;1;3;3,7;4,17
223;5801;1;2;2;2;3;3;2;2;3;3;1;1;1;2;2;3;3;3;2;3;2;2;2;1;1;1;1;1;2;2;2;4;4;4;4;3;4;3;4;4;4;5;5;4;4;4;4;2,3;1,25;2,75;2,5;1,38;2;3,8;4,33
224;5802;3;3;4;3;3;3;3;3;3;3;1;1;1;2;1;1;1;1;2;2;1;1;1;1;1;1;1;1;1;1;1;4;4;4;4;3;4;4;3;3;3;4;3;2;4;3;3;3,1;1,25;1;2;1;1;3,6;3,17
225;5803;5;5;5;5;5;5;5;5;4;5;3;3;2;3;3;4;2;1;3;3;2;2;3;2;2;2;2;2;1;1;1;4;4;5;4;4;4;3;1;3;4;4;3;4;3;4;3;4,9;2,75;2,5;3;2,13;1;3,6;3,5
226;5804;3;3;4;3;3;3;3;3;3;3;1;1;2;1;1;1;1;1;1;2;1;1;1;1;1;1;1;1;1;1;1;4;4;2;3;3;3;3;1;3;3;4;3;3;3;3;3;3,1;1,25;1;1,5;1;1;2,9;3,17
227;5805;2;2;2;3;3;3;3;2;2;3;1;1;2;1;1;2;3;1;2;3;1;1;1;1;1;1;1;1;1;1;1;4;4;4;4;3;2;4;1;4;3;4;4;4;5;3;4;2,5;1,25;1,75;2,5;1;1;3,3;4
228;5806;2;2;3;1;1;3;3;3;3;2;2;2;2;1;1;1;1;1;1;1;1;1;1;1;2;1;1;1;1;1;1;4;4;3;4;3;2;3;3;3;3;4;1;2;1;1;4;2,3;1,75;1;1;1,13;1;3,2;2,17
229;5807;3;3;3;3;3;3;3;2;3;2;1;1;1;1;1;2;2;1;2;2;1;1;1;1;1;1;1;1;1;1;1;4;4;4;4;3;2;2;1;3;1;4;3;2;5;3;4;2,8;1;1,5;2;1;1;2,8;3,5
230;5808;3;3;3;3;3;3;3;3;3;3;2;2;3;1;3;3;3;3;3;3;1;3;1;2;2;1;1;2;1;1;1;4;4;4;4;4;4;4;2;3;3;4;2;4;4;4;4;3;2;3;3;1,63;1;3,6;3,67
231;5809;3;2;1;1;1;1;1;1;1;1;3;2;1;2;3;2;3;1;3;3;1;2;1;1;2;1;2;1;1;1;1;4;4;4;4;4;4;3;1;3;4;4;3;3;4;4;3;1,3;2;2,25;3;1,38;1;3,5;3,5
232;5871;3;2;3;2;3;3;3;3;3;3;3;3;1;2;1;2;3;2;3;1;1;1;1;1;2;1;1;1;1;1;1;4;4;3;4;3;4;3;2;3;3;4;2;2;3;5;5;2,8;2,25;2;2;1,13;1;3,3;3,5
233;5900;3;3;3;3;3;3;3;1;5;3;3;3;4;5;5;4;5;4;2;4;3;3;4;1;3;3;1;2;3;3;4;5;5;5;4;4;4;3;4;4;4;4;4;5;5;5;5;3;3,75;4,5;3;2,5;3,33;4,2;4,67
234;5901;3;3;3;3;3;3;3;3;3;3;3;3;2;2;1;2;3;1;2;1;2;2;2;1;1;1;1;1;1;1;1;4;4;4;4;4;4;3;4;4;4;4;3;2;3;3;4;3;2,5;1,75;1,5;1,38;1;3,9;3,17
235;5902;2;2;3;3;3;1;1;3;3;3;1;1;2;3;2;2;3;3;2;3;1;1;1;1;1;1;1;1;1;1;1;4;4;4;4;4;3;3;3;3;3;4;3;4;4;4;4;2,4;1,75;2,5;2,5;1;1;3,5;3,83
236;5903;3;3;3;3;3;3;3;3;3;3;2;2;1;1;2;3;3;1;3;3;1;1;1;1;3;1;1;1;1;1;1;4;4;4;4;3;3;3;4;3;3;4;2;4;4;3;4;3;1,5;2,25;3;1,25;1;3,5;3,5
237;5904;3;3;3;3;3;3;3;3;3;3;2;2;3;3;1;3;2;1;3;2;1;2;3;1;2;1;1;1;1;1;1;4;4;4;4;4;4;3;3;3;3;3;3;4;4;3;3;3;2,5;1,75;2,5;1,5;1;3,6;3,33
238;5905;3;3;3;3;3;3;3;3;3;3;2;2;2;2;1;1;1;1;4;4;1;1;1;1;2;1;1;1;1;1;1;4;4;4;4;4;1;3;2;3;3;4;2;2;5;4;3;3;2;1;4;1,13;1;3,2;3,33
239;5906;3;3;4;1;3;3;3;3;3;3;1;3;3;2;1;1;3;2;3;2;4;2;1;3;1;1;1;1;1;1;1;4;4;4;4;4;3;3;1;3;4;4;1;4;1;4;3;2,9;2,25;1,75;2,5;1,75;1;3,4;2,83
240;5907;3;3;3;3;3;3;3;3;3;3;2;2;3;3;2;3;2;2;3;3;2;2;2;3;2;2;2;2;3;3;3;4;4;4;4;4;4;4;4;3;3;4;3;4;4;3;3;3;2,5;2,25;3;2,13;3;3,8;3,5
241;5908;3;3;4;3;3;3;3;2;3;3;1;1;1;1;1;3;3;1;1;1;1;1;1;1;1;1;1;1;1;1;1;4;4;4;4;2;2;2;2;3;3;4;1;2;4;3;4;3;1;2;1;1;1;3;3
242;5909;3;3;3;2;4;4;4;4;5;5;2;2;3;2;2;2;3;2;3;3;1;2;2;1;2;1;1;1;1;1;1;4;4;4;4;4;3;3;4;2;4;4;4;2;4;3;4;3,7;2,25;2,25;3;1,38;1;3,6;3,5
243;5910;3;2;3;1;3;3;3;2;1;3;3;2;1;2;1;1;3;1;2;2;1;1;1;1;1;1;1;1;1;1;1;4;3;3;4;3;1;1;2;3;1;4;1;2;5;5;5;2,4;2;1,5;2;1;1;2,5;3,67
244;5911;3;3;3;3;3;3;3;3;3;3;2;3;2;1;3;3;3;2;1;1;2;3;2;3;1;2;1;2;2;2;3;4;4;4;4;4;4;3;4;3;4;4;3;4;4;3;4;3;2;2,75;1;2;2,33;3,8;3,67
245;5912;5;5;5;5;5;5;5;5;5;5;5;3;3;1;5;4;4;4;5;4;1;1;2;2;2;4;2;2;3;3;1;4;4;4;4;4;4;3;2;3;4;4;2;4;4;3;4;5;3;4,25;4,5;2;2,33;3,6;3,5
246;5913;3;3;4;1;3;3;1;3;3;3;1;2;1;2;2;3;3;1;1;1;1;1;2;1;1;2;1;2;1;1;1;4;4;4;4;2;3;3;4;1;2;4;2;2;2;4;2;2,7;1,5;2,25;1;1,38;1;3,1;2,67
247;5971;2;3;2;1;3;3;3;2;3;3;2;3;3;2;2;3;3;2;3;2;3;2;2;3;2;2;2;2;1;1;2;4;4;4;4;4;4;3;4;4;4;4;2;4;4;5;4;2,5;2,5;2,5;2,5;2,25;1,33;3,9;3,83
248;5972;1;1;2;1;1;2;1;1;1;3;1;1;1;2;1;2;3;1;2;3;1;1;1;1;1;1;1;1;1;1;1;4;4;4;4;4;4;3;1;4;3;4;3;4;1;1;1;1,4;1,25;1,75;2,5;1;1;3,5;2,33
249;6000;5;5;5;5;3;3;5;5;4;5;3;3;5;3;4;5;5;2;2;5;2;5;2;2;3;2;2;3;2;2;3;5;5;5;5;5;5;5;5;5;5;5;5;5;5;5;5;4,5;3,5;4;3,5;2,63;2,33;5;5
250;6100;5;5;5;5;5;4;4;5;4;5;3;3;5;4;3;4;4;4;5;5;3;4;3;2;3;2;2;4;3;3;3;4;4;4;4;5;5;5;4;4;5;4;5;4;5;5;5;4,7;3,75;3,75;5;2,88;3;4,4;4,67
251;6101;4;4;4;4;4;4;4;1;4;4;3;3;2;3;4;5;4;2;3;3;3;2;2;2;2;2;2;2;3;3;4;4;4;4;4;5;4;4;3;5;5;5;4;5;5;5;5;3,7;2,75;3,75;3;2,13;3,33;4,2;4,83
252;6102;3;3;4;3;3;3;3;5;4;4;3;3;3;2;1;3;2;1;2;3;3;3;2;3;2;1;1;1;1;1;1;4;4;4;4;4;4;3;3;3;5;4;4;2;5;5;4;3,5;2,75;1,75;2,5;2;1;3,8;4
253;6103;4;4;4;4;4;4;4;3;4;3;2;3;1;3;1;3;3;1;2;3;1;2;2;1;2;1;1;1;1;1;1;4;4;4;5;3;4;3;3;3;4;5;4;4;4;5;4;3,8;2,25;2;2,5;1,38;1;3,7;4,33
254;6104;4;4;4;2;3;4;4;3;3;4;3;3;2;2;3;2;3;3;3;3;3;3;2;2;2;2;2;2;3;3;1;4;4;4;4;4;4;3;3;2;4;4;3;4;5;5;5;3,5;2,5;2,75;3;2,25;2,33;3,6;4,33
255;6105;5;5;5;5;5;5;5;5;5;5;3;3;4;3;4;5;5;5;5;5;3;4;3;4;4;3;3;3;3;3;3;5;5;5;5;5;4;3;5;3;5;5;5;5;5;5;5;5;3,25;4,75;5;3,38;3;4,5;5
256;6106;3;3;3;1;3;3;3;4;3;3;3;3;1;2;1;4;3;2;2;1;1;1;1;1;1;2;1;1;3;3;1;4;5;4;4;4;5;4;3;3;4;4;3;4;5;4;4;2,9;2,25;2,5;1,5;1,13;2,33;4;4
257;6107;3;3;4;1;3;3;3;3;4;3;2;2;3;3;3;3;3;3;2;2;2;3;1;1;1;1;1;1;1;1;1;4;4;4;4;4;2;3;3;3;3;4;3;4;3;4;3;3;2,5;3;2;1,38;1;3,4;3,5
258;6108;4;4;4;4;4;4;4;4;4;4;2;3;3;3;3;4;3;4;3;3;2;3;3;3;3;2;2;2;2;2;2;4;4;4;5;4;4;3;3;3;3;3;5;4;5;5;4;4;2,75;3,5;3;2,5;2;3,7;4,33
259;6109;5;5;5;5;5;5;5;5;5;5;3;3;2;4;5;4;4;5;2;4;3;2;2;2;2;2;2;4;3;3;3;5;5;4;5;5;5;2;5;5;5;5;5;5;5;5;5;5;3;4,5;3;2,38;3;4,6;5
260;6110;4;4;4;4;4;4;4;4;4;4;3;4;2;2;4;3;4;3;3;3;2;3;2;2;2;2;2;2;2;2;2;4;4;4;3;4;4;4;2;3;4;3;4;3;4;4;4;4;2,75;3,5;3;2,13;2;3,6;3,67
261;6111;4;4;2;1;3;3;4;2;4;4;1;1;1;2;2;3;2;2;2;2;1;1;1;1;1;1;1;1;1;1;1;5;5;5;5;5;4;3;3;5;5;5;4;4;3;4;5;3,1;1,25;2,25;2;1;1;4,5;4,17
262;6112;3;3;3;3;3;3;3;3;3;3;3;3;2;3;3;3;2;3;2;3;1;1;1;2;1;3;1;2;1;1;1;4;4;4;4;4;4;3;3;4;4;5;2;3;5;5;5;3;2,75;2,75;2,5;1,5;1;3,8;4,17
263;6113;4;3;4;3;3;3;3;3;3;3;3;3;2;2;1;3;3;2;2;3;3;2;3;1;2;2;1;2;3;2;2;4;4;4;4;4;4;3;3;4;4;4;2;3;5;4;4;3,2;2,5;2,25;2,5;2;2,33;3,8;3,67
264;6114;4;2;4;3;3;3;3;1;3;3;3;3;3;3;1;4;4;3;3;4;4;3;3;4;2;3;1;3;3;3;2;4;4;4;4;4;3;3;3;3;3;4;4;5;4;5;5;2,9;3;3;3,5;2,88;2,67;3,5;4,5
265;6115;4;4;4;4;4;4;4;4;4;5;5;4;3;3;3;3;3;3;5;2;3;3;2;3;2;2;2;3;3;3;3;4;4;4;4;4;4;3;3;3;4;4;4;4;4;4;3;4,1;3,75;3;3,5;2,5;3;3,7;3,83
266;6116;5;5;3;2;2;3;3;3;3;3;5;3;2;2;3;4;2;1;2;3;1;3;2;1;2;1;1;1;2;2;1;4;4;3;4;4;3;2;2;2;3;5;3;4;3;5;3;3,2;3;2,5;2,5;1,5;1,67;3,1;3,83
267;6117;3;3;4;3;3;3;3;3;3;4;3;3;3;2;3;4;3;2;3;3;3;2;2;2;1;2;1;2;1;1;1;4;4;3;4;5;5;5;5;3;4;5;3;2;5;5;5;3,2;2,75;3;3;1,88;1;4,2;4,17
268;6118;5;5;5;5;4;5;5;5;5;5;4;3;2;2;3;3;1;2;4;4;2;2;2;2;2;2;2;2;1;1;1;5;5;5;4;4;4;3;2;3;4;5;4;5;4;5;5;4,9;2,75;2,25;4;2;1;3,9;4,67
269;6171;5;5;5;4;4;4;4;4;5;5;4;4;3;4;4;4;3;3;5;4;3;3;3;4;3;3;3;3;3;3;3;4;4;4;4;5;4;4;3;4;5;4;4;4;5;5;5;4,5;3,75;3,5;4,5;3,13;3;4,1;4,5
270;6172;4;3;4;4;4;3;4;4;4;3;3;3;3;3;4;3;3;4;4;4;3;3;3;3;3;3;2;3;3;3;3;4;4;4;4;4;4;4;4;4;4;4;4;4;5;5;5;3,7;3;3,5;4;2,88;3;4;4,5
271;6173;2;2;3;3;2;2;3;3;3;3;3;3;1;2;3;2;2;3;3;3;1;2;4;3;3;2;2;2;1;1;1;4;4;4;4;3;4;3;2;3;3;4;4;4;4;5;4;2,6;2,25;2,5;3;2,38;1;3,4;4,17
272;6174;5;3;4;4;4;4;4;4;4;5;3;2;2;3;4;4;4;4;5;3;3;3;3;3;3;3;3;3;2;2;3;4;4;4;4;5;4;3;2;3;5;4;4;2;3;5;4;4,1;2,5;4;4;3;2,33;3,8;3,67
273;6175;2;3;3;4;4;4;4;3;3;3;2;3;3;2;1;3;3;3;2;2;2;2;1;1;2;1;1;1;1;1;1;4;4;4;4;4;3;1;3;4;4;4;4;5;5;5;4;3,3;2,5;2,5;2;1,38;1;3,5;4,5
274;6176;5;5;5;5;5;5;5;5;5;3;2;3;5;3;3;5;4;5;5;3;2;3;4;1;3;1;1;2;2;2;3;3;4;4;4;4;4;4;3;3;4;4;4;4;4;5;4;4,8;3,25;4,25;4;2,13;2,33;3,7;4,17
275;6177;4;4;4;5;4;4;4;4;4;4;4;4;3;3;5;5;5;4;4;3;3;4;5;3;4;2;2;3;2;2;3;5;5;5;4;5;4;4;3;3;4;4;4;5;5;5;5;4,1;3,5;4,75;3,5;3,25;2,33;4,2;4,67
276;6178;5;5;5;3;3;5;4;4;4;4;3;3;2;3;3;3;3;2;2;3;2;2;3;3;2;2;2;2;1;1;3;4;4;4;4;4;4;3;1;4;4;4;4;4;4;4;3;4,2;2,75;2,75;2,5;2,25;1,67;3,6;3,83
277;6179;3;3;3;3;3;3;3;3;3;5;1;1;1;3;4;4;2;3;3;2;1;1;1;1;1;1;1;1;3;3;1;4;4;4;4;5;4;3;3;4;4;4;4;4;5;4;2;3,2;1,5;3,25;2,5;1;2,33;3,9;3,83
278;6200;4;4;4;1;2;2;2;3;3;5;3;3;2;3;3;4;3;2;5;3;3;3;3;2;2;2;1;3;2;2;4;4;4;4;4;4;4;4;3;5;4;4;3;4;3;5;5;3;2,75;3;4;2,38;2,67;4;4
279;6201;4;5;5;5;5;4;4;3;3;4;3;4;3;3;3;3;3;3;3;3;2;4;3;1;2;1;1;1;1;1;2;4;4;4;4;3;4;3;3;3;3;4;4;4;4;3;3;4,2;3,25;3;3;1,88;1,33;3,5;3,67
280;6202;3;3;2;2;3;3;3;3;3;4;3;3;3;3;1;3;2;1;2;2;3;3;2;3;3;2;2;2;1;3;4;4;4;4;4;4;4;4;3;3;4;4;1;4;5;5;5;2,9;3;1,75;2;2,5;2,67;3,8;4
281;6203;5;5;5;5;5;5;5;5;5;5;3;3;3;3;1;3;3;3;3;3;2;1;1;1;2;3;2;2;2;2;2;4;3;3;4;3;3;3;4;3;3;4;3;3;4;4;4;5;3;2,5;3;1,75;2;3,3;3,67
282;6204;3;4;4;3;4;4;4;3;3;4;3;3;2;3;3;3;3;3;4;3;3;2;4;2;2;2;2;2;2;2;2;4;4;4;4;4;3;3;3;3;3;4;4;4;5;5;5;3,6;2,75;3;3,5;2,38;2;3,5;4,5
283;6271;3;3;4;2;3;3;3;2;1;3;3;3;1;4;1;3;3;3;3;3;3;2;2;1;2;2;1;1;3;3;1;4;4;4;4;4;4;2;1;3;3;4;3;4;3;5;5;2,7;2,75;2,5;3;1,75;2,33;3,3;4
284;6272;3;3;4;1;3;3;2;3;3;4;3;3;1;1;1;2;1;1;2;1;2;1;1;1;2;1;1;1;1;1;1;4;4;4;4;3;4;3;2;4;1;4;1;2;2;2;3;2,9;2;1,25;1,5;1,25;1;3,3;2,33
285;6273;1;1;4;1;3;3;3;2;1;3;2;2;1;1;1;2;2;2;2;3;1;2;1;1;1;1;1;1;1;1;1;4;4;4;4;3;4;3;3;3;3;4;3;4;4;5;4;2,2;1,5;1,75;2,5;1,13;1;3,5;4
286;6274;1;1;3;3;2;2;2;4;3;4;1;1;4;3;5;4;4;3;4;4;1;2;1;2;2;1;1;2;1;1;1;4;4;4;4;5;3;3;2;3;3;4;4;5;5;5;5;2,5;2,25;4;4;1,5;1;3,5;4,67
287;6300;5;5;5;5;5;4;5;5;4;5;4;5;4;4;5;4;4;4;4;4;3;3;4;4;2;5;3;3;3;3;4;4;4;4;4;5;4;4;4;5;4;4;4;5;5;5;5;4,8;4,25;4,25;4;3,38;3,33;4,2;4,67
288;6301;4;5;5;5;5;5;5;5;5;5;4;3;3;3;3;3;3;3;3;5;3;3;2;3;2;3;3;2;3;3;3;4;4;3;4;3;3;3;3;3;4;4;5;5;5;5;5;4,9;3,25;3;4;2,63;3;3,4;4,83
289;6302;5;5;5;4;5;4;4;5;4;5;3;3;5;4;2;5;4;5;5;5;3;3;3;4;5;2;3;3;3;3;3;4;3;4;5;5;5;5;5;5;4;5;5;5;5;5;5;4,6;3,75;4;5;3,25;3;4,5;5
290;6303;3;3;4;4;3;3;3;2;3;3;2;2;1;2;1;2;3;2;2;2;1;1;1;1;1;1;1;1;1;1;1;4;4;4;4;4;4;4;2;3;3;5;3;4;5;5;5;3,1;1,75;2;2;1;1;3,6;4,5
291;6304;5;5;5;3;3;5;5;3;3;5;3;3;5;2;5;5;5;5;5;5;4;5;5;3;3;3;3;4;3;3;3;4;4;4;4;5;5;5;3;3;4;4;4;4;5;5;3;4,2;3,25;5;5;3,75;3;4,1;4,17
292;6371;2;2;3;3;2;2;2;2;2;3;2;2;2;2;4;1;3;3;3;3;3;3;2;3;2;3;3;3;1;3;3;4;4;4;4;5;4;5;5;5;5;5;4;4;4;5;5;2,3;2;2,75;3;2,75;2,33;4,5;4,5
293;6400;5;5;5;5;3;5;5;5;5;5;4;4;4;1;5;5;5;4;4;3;4;5;4;3;3;3;3;3;3;3;3;5;5;5;4;4;4;5;5;4;5;5;3;5;5;5;5;4,8;3,25;4,75;3,5;3,5;3;4,6;4,67
294;6401;3;5;5;5;5;5;5;5;5;5;3;3;1;2;3;3;4;2;3;3;2;2;3;3;2;2;1;2;1;1;2;4;4;4;4;5;4;3;3;3;3;4;4;2;5;3;3;4,8;2,25;3;3;2,13;1,33;3,7;3,5
295;6402;3;3;3;2;3;3;3;2;3;3;2;2;2;3;1;3;3;2;2;2;3;2;2;2;2;3;2;2;2;2;2;4;4;4;4;4;4;3;4;3;3;4;4;3;3;4;4;2,8;2,25;2,25;2;2,25;2;3,7;3,67
296;6403;3;5;5;3;3;5;3;3;3;3;3;3;5;5;1;3;3;3;3;3;4;3;2;3;3;2;2;3;3;3;3;4;4;4;4;5;4;3;4;3;4;4;4;4;5;5;5;3,6;4;2,5;3;2,75;3;3,9;4,5
297;6404;2;2;4;3;4;4;2;2;1;3;2;2;4;4;4;4;3;3;4;4;1;3;1;1;2;1;1;1;2;2;2;4;4;4;4;4;4;4;3;4;4;4;5;4;5;5;5;2,7;3;3,5;4;1,38;2;3,9;4,67
298;6405;3;2;3;2;1;3;3;3;3;3;1;3;4;2;2;2;3;2;2;2;1;3;2;2;2;2;2;1;1;1;1;4;4;3;4;4;4;4;4;3;3;4;3;4;4;4;3;2,6;2,5;2,25;2;1,88;1;3,7;3,67
299;6406;3;3;5;2;2;3;2;3;5;2;3;3;3;2;4;4;3;2;3;2;2;2;2;2;2;1;1;1;2;2;2;5;5;5;5;5;5;4;5;3;5;4;4;5;5;5;5;3;2,75;3,25;2,5;1,63;2;4,7;4,67
300;6407;4;5;3;3;3;3;3;3;3;3;2;3;2;3;3;3;3;2;2;2;2;3;1;2;2;1;1;1;2;2;2;4;4;4;4;4;4;4;3;3;4;4;4;4;4;3;4;3,3;2,5;2,75;2;1,63;2;3,8;3,83
301;6408;2;2;3;2;3;3;3;3;3;3;1;1;1;4;1;2;1;2;3;3;3;1;3;1;1;1;2;1;1;1;1;5;4;3;4;4;4;4;2;3;4;4;4;4;5;4;4;2,7;1,75;1,5;3;1,63;1;3,7;4,17
302;6409;5;3;5;5;5;5;5;5;3;5;5;2;5;5;3;5;5;3;4;3;2;2;2;2;2;2;2;2;1;2;2;4;4;3;5;4;4;3;3;5;3;3;3;5;5;5;5;4,6;4,25;4;3,5;2;1,67;3,8;4,33
303;6410;4;5;4;5;5;5;5;4;4;5;5;5;4;4;5;5;5;5;3;3;3;3;3;3;3;3;3;3;2;2;2;5;4;4;4;5;5;5;3;5;5;5;5;5;4;4;5;4,6;4,5;5;3;3;2;4,5;4,67
304;6411;1;1;3;1;3;3;1;2;2;3;3;2;2;1;1;2;3;2;2;1;2;3;3;2;2;2;2;2;1;1;1;4;4;5;5;5;3;3;3;3;3;3;5;5;5;5;5;2;2;2;1,5;2,25;1;3,8;4,67
305;6412;3;3;4;4;4;4;4;5;4;4;3;3;3;3;4;4;3;3;4;4;3;3;4;3;3;4;2;2;2;2;2;4;4;4;4;4;4;3;3;4;4;5;4;4;5;4;4;3,9;3;3,5;4;3;2;3,8;4,33
306;6413;5;5;5;3;5;5;4;5;5;3;4;3;3;3;1;5;3;4;2;3;2;2;2;3;3;1;1;3;3;3;3;4;4;4;4;4;4;3;3;3;5;4;5;4;5;5;5;4,5;3,25;3,25;2,5;2,13;3;3,8;4,67
307;6414;4;3;3;4;3;4;3;4;4;4;3;3;2;3;1;3;2;2;3;1;2;2;3;3;2;1;1;1;1;1;2;4;4;4;4;4;4;4;4;4;5;4;3;5;5;5;5;3,6;2,75;2;2;1,88;1,33;4,1;4,5
308;6415;5;3;5;3;5;5;3;3;5;5;3;3;2;5;3;3;3;2;2;3;4;1;3;1;2;1;1;2;1;1;3;4;4;4;4;4;4;4;4;4;3;4;4;2;5;5;5;4,2;3,25;2,75;2,5;1,88;1,67;3,9;4,17
309;6416;4;4;2;4;5;4;4;4;4;5;3;3;2;3;4;4;3;3;3;3;2;1;2;2;2;2;2;2;2;2;2;4;4;3;5;4;4;3;3;4;5;4;3;4;5;5;5;4;2,75;3,5;3;1,88;2;3,9;4,33
310;6417;5;4;3;5;5;5;3;2;4;4;4;5;4;2;5;3;3;2;5;5;3;4;5;3;2;2;3;4;1;5;2;4;4;4;4;3;4;3;4;4;5;3;4;4;5;5;5;4;3,75;3,25;5;3,25;2,67;3,9;4,33
311;6418;3;3;5;5;5;5;4;4;5;5;4;3;2;3;1;2;2;2;5;3;1;3;1;1;1;1;1;1;1;1;1;5;5;5;4;4;5;3;1;3;4;5;4;4;5;4;4;4,4;3;1,75;4;1,25;1;3,9;4,33
312;6419;3;3;4;3;3;3;3;3;3;3;1;2;3;1;1;5;5;2;2;4;3;1;1;1;1;1;1;1;1;1;1;5;5;5;5;5;3;3;2;3;4;4;5;5;3;5;4;3,1;1,75;3,25;3;1,25;1;4;4,33
313;6420;3;3;4;3;4;3;3;3;3;4;3;2;2;2;1;3;3;2;3;1;1;1;1;1;1;1;1;1;1;1;1;4;4;4;4;4;4;3;3;2;3;4;3;4;4;4;4;3,3;2,25;2,25;2;1;1;3,5;3,83
314;6421;2;2;5;3;3;3;3;3;3;3;5;4;3;3;3;3;3;3;2;2;3;4;4;3;3;3;3;3;3;3;3;4;4;4;4;5;4;3;3;4;4;4;4;4;4;5;5;3;3,75;3;2;3,25;3;3,9;4,33
315;6422;3;3;3;3;3;3;3;3;3;3;3;3;3;2;3;4;4;2;4;3;3;3;2;2;2;2;1;3;1;1;1;4;4;4;4;4;4;3;3;3;3;4;4;4;4;4;4;3;2,75;3,25;3,5;2,25;1;3,6;4
316;6423;5;5;3;3;3;4;3;4;4;5;3;3;3;3;4;3;4;2;5;2;2;3;3;2;2;2;1;1;3;2;4;4;4;4;4;5;4;5;4;5;5;4;4;5;5;5;4;3,9;3;3,25;3,5;2;3;4,4;4,5
317;6424;5;5;4;5;5;5;5;2;4;5;4;4;3;2;3;3;5;3;3;4;2;3;2;3;2;2;2;3;1;2;2;5;5;5;4;4;4;4;3;3;5;4;4;3;5;4;5;4,5;3,25;3,5;3,5;2,38;1,67;4,2;4,17
318;6425;5;3;5;1;5;5;5;5;5;3;1;1;4;3;4;5;5;3;2;3;3;2;2;2;2;2;1;2;2;2;2;4;4;4;4;5;4;3;4;4;5;4;5;5;5;5;5;4,2;2,25;4,25;2,5;2;2;4,1;4,83
319;6426;5;4;5;5;5;5;5;5;5;5;3;3;3;2;4;3;4;4;4;4;3;3;3;2;3;3;2;4;3;3;4;5;5;5;5;5;5;5;5;5;5;5;5;5;5;5;5;4,9;2,75;3,75;4;2,88;3,33;5;5
320;6427;5;4;5;4;3;5;5;5;5;5;4;3;3;1;3;5;5;5;5;5;4;5;5;4;2;4;2;5;3;3;2;5;5;5;4;5;5;3;5;5;5;5;5;5;5;5;5;4,6;2,75;4,5;5;3,88;2,67;4,7;5
321;6428;4;4;3;4;5;5;5;5;5;5;3;3;3;1;1;5;5;4;5;3;3;2;2;2;2;2;1;1;2;2;2;4;4;4;4;4;4;4;3;4;4;4;4;4;4;4;4;4,5;2,5;3,75;4;1,88;2;3,9;4
322;6429;5;3;5;4;3;3;3;3;3;2;3;3;3;4;5;5;5;3;2;3;3;2;4;2;2;2;2;3;3;3;3;5;5;4;5;4;5;5;5;5;4;4;5;5;5;5;5;3,4;3,25;4,5;2,5;2,5;3;4,7;4,83
323;6471;5;5;5;5;5;5;5;5;5;5;2;3;5;4;5;3;3;3;5;5;5;5;5;3;3;1;1;3;5;5;5;4;4;4;4;4;4;3;3;3;4;4;4;3;5;5;1;5;3,5;3,5;5;3,25;5;3,7;3,67
324;6472;2;2;2;3;3;3;3;5;2;4;3;3;5;2;5;4;3;2;4;1;1;1;3;3;2;1;1;3;1;1;2;4;4;5;4;4;4;3;2;3;5;4;5;4;4;4;4;2,9;3,25;3,5;2,5;1,88;1,33;3,8;4,17
325;6473;5;4;2;2;4;4;4;2;4;4;4;3;2;3;3;3;4;2;4;4;2;2;1;2;2;1;2;2;1;2;3;4;4;4;4;4;4;2;3;4;4;4;4;4;4;4;4;3,5;3;3;4;1,75;2;3,7;4
326;6474;3;5;5;5;5;5;4;5;5;4;2;3;3;4;3;5;5;2;4;5;3;3;2;3;3;2;2;2;3;3;3;5;4;4;3;4;4;3;1;4;4;4;5;4;5;5;5;4,6;3;3,75;4,5;2,5;3;3,6;4,67
327;6475;2;2;4;3;3;3;2;4;2;3;2;3;3;2;3;3;4;3;2;2;3;4;3;2;3;3;3;2;2;4;4;4;3;4;5;5;4;2;3;3;5;3;5;4;5;4;5;2,8;2,5;3,25;2;2,88;3,33;3,8;4,33
328;6476;4;5;4;5;5;5;5;5;5;5;3;4;3;3;2;4;3;3;4;3;2;3;2;2;2;2;2;2;3;3;2;4;4;3;4;4;4;4;4;4;4;5;5;4;5;5;5;4,8;3,25;3;3,5;2,13;2,67;3,9;4,83
329;6500;3;1;3;5;5;5;3;1;2;3;4;3;3;1;4;2;4;2;4;4;1;1;1;1;1;1;1;1;2;2;3;5;4;5;5;5;5;4;5;5;5;5;5;5;5;5;5;3,1;2,75;3;4;1;2,33;4,8;5
330;6501;5;5;5;5;5;5;5;5;5;5;4;3;3;2;3;5;5;5;4;5;4;3;3;3;2;2;2;5;3;3;1;5;5;5;4;5;5;5;3;5;5;5;5;5;5;5;5;5;3;4,5;4,5;3;2,33;4,7;5
331;6502;5;3;3;4;5;5;5;2;5;5;4;3;4;5;4;4;3;3;3;3;2;2;2;3;2;3;1;1;2;2;3;4;4;4;4;4;4;4;4;5;4;3;4;4;5;3;1;4,2;4;3,5;3;2;2,33;4,1;3,33
332;6503;4;4;4;2;3;3;3;2;3;4;2;1;2;2;3;3;3;2;3;3;1;2;2;2;2;1;2;2;1;1;2;4;4;5;5;3;3;3;3;4;5;4;3;4;4;5;5;3,2;1,75;2,75;3;1,75;1,33;3,9;4,17
333;6504;5;5;5;5;4;4;4;3;3;4;5;3;3;3;2;3;3;2;4;5;3;4;3;2;4;2;2;2;3;3;3;4;4;4;4;5;4;2;1;4;3;4;2;2;5;5;5;4,2;3,5;2,5;4,5;2,75;3;3,5;3,83
334;6505;5;5;5;5;5;5;5;5;5;5;3;3;1;3;2;4;4;4;4;5;1;1;1;1;2;2;1;2;2;2;1;4;4;4;4;4;4;3;4;4;4;5;3;4;5;5;4;5;2,5;3,5;4,5;1,38;1,67;3,9;4,33
335;6506;1;3;4;2;2;2;2;3;3;3;2;2;3;3;2;4;3;3;3;2;2;2;2;1;1;1;1;2;1;2;1;4;4;4;4;3;4;3;2;4;4;4;3;4;3;4;4;2,5;2,5;3;2,5;1,5;1,33;3,6;3,67
336;6507;3;3;3;3;5;3;3;5;3;2;3;2;2;3;2;3;3;2;3;3;2;2;3;2;2;2;3;2;2;2;2;4;4;4;4;4;4;3;3;3;3;4;4;4;4;4;5;3,3;2,5;2,5;3;2,25;2;3,6;4,17
337;6508;3;1;3;3;3;3;3;2;3;2;1;2;2;1;1;3;3;3;1;3;2;1;1;3;1;1;1;2;1;1;1;4;4;4;4;4;4;3;1;2;3;4;3;4;4;4;3;2,6;1,5;2,5;2;1,5;1;3,3;3,67
338;6509;3;3;4;3;3;3;3;3;3;3;3;3;4;2;3;3;3;3;3;4;2;2;2;2;2;2;2;2;2;2;2;4;4;4;4;2;4;2;1;3;4;4;3;2;4;2;2;3,1;3;3;3,5;2;2;3,2;2,83
339;6510;4;4;4;4;4;4;4;4;4;4;4;3;4;5;5;4;5;4;5;5;3;5;5;3;5;2;2;3;3;2;2;5;5;5;4;4;5;3;4;4;4;5;4;5;5;5;4;4;4;4,5;5;3,5;2,33;4,3;4,67
340;6511;5;5;4;5;5;5;5;5;4;4;3;3;5;3;5;5;5;5;3;5;4;4;3;3;3;5;5;5;3;3;5;4;4;5;4;5;5;5;5;5;5;5;5;5;5;5;5;4,7;3,5;5;4;4;3,67;4,7;5
341;6512;2;1;3;1;1;3;1;3;3;3;2;1;3;2;2;3;2;1;3;3;1;2;3;2;1;1;1;1;2;2;3;4;4;4;4;5;1;2;1;3;4;4;1;2;4;4;4;2,1;2;2;3;1,5;2,33;3,2;3,17
342;6513;3;3;4;3;3;3;3;3;3;3;3;3;2;2;3;3;3;2;3;3;2;3;3;2;2;2;2;2;2;2;3;4;4;4;4;5;4;3;3;4;5;5;4;4;5;4;5;3,1;2,5;2,75;3;2,25;2,33;4;4,5
343;6514;3;3;4;3;3;3;3;1;5;5;2;2;1;1;1;3;2;2;1;1;1;1;1;1;1;2;1;2;1;1;1;4;4;4;4;3;3;3;1;3;3;4;2;4;4;4;1;3,3;1,5;2;1;1,25;1;3,2;3,17
344;6515;3;3;3;3;3;3;3;3;3;3;3;3;3;2;3;3;3;3;3;3;3;2;3;2;2;2;2;3;1;1;1;4;4;4;4;4;4;4;2;3;4;5;5;4;5;5;5;3;2,75;3;3;2,38;1;3,7;4,83
345;6516;2;2;4;1;1;1;1;1;1;2;1;1;2;2;1;3;2;2;3;3;1;2;2;1;2;1;2;1;1;1;1;4;4;4;4;4;5;3;5;5;4;5;5;5;4;4;5;1,6;1,5;2;3;1,5;1;4,2;4,67
346;6517;5;5;5;5;5;5;5;5;5;5;4;3;4;5;4;4;4;4;5;3;3;3;4;3;3;3;4;3;3;3;2;5;4;5;5;4;5;5;4;5;4;4;4;5;5;5;5;5;4;4;4;3,25;2,67;4,6;4,67
347;6518;3;3;4;1;3;3;3;3;3;3;3;3;2;2;3;5;3;2;2;2;1;2;2;1;2;1;1;3;1;1;1;4;4;4;4;4;5;3;3;3;4;5;4;4;4;4;4;2,9;2,5;3,25;2;1,63;1;3,8;4,17
348;6519;5;2;3;5;5;5;5;3;5;4;3;3;1;3;5;5;3;2;5;2;2;2;4;3;2;2;2;2;3;3;3;5;5;5;4;4;5;2;3;3;4;5;2;5;4;5;4;4,2;2,5;3,75;3,5;2,38;3;4;4,17
349;6520;5;5;5;5;4;5;5;5;5;5;4;3;4;2;4;5;5;4;5;3;4;4;3;5;5;4;3;5;3;3;3;5;4;5;4;5;5;3;3;3;4;4;5;4;5;5;5;4,9;3,25;4,5;4;4,13;3;4,1;4,67
350;6521;3;3;3;3;3;3;3;3;3;5;3;3;3;4;3;5;4;3;4;4;4;4;3;3;2;2;2;3;2;2;4;4;4;4;4;4;4;3;4;4;4;5;5;5;4;4;3;3,2;3,25;3,75;4;2,88;2,67;3,9;4,33
351;6522;5;5;5;5;5;5;5;5;5;5;4;3;4;4;4;4;4;3;5;5;4;5;5;3;4;2;2;4;2;2;3;5;5;5;5;5;5;3;4;3;5;5;5;4;5;5;5;5;3,75;3,75;5;3,63;2,33;4,5;4,83
352;6523;5;4;4;5;5;5;4;4;5;5;3;3;2;3;1;3;3;2;3;3;2;2;2;2;2;2;2;2;2;2;2;4;4;4;4;4;3;3;3;3;4;4;4;4;4;4;2;4,6;2,75;2,25;3;2;2;3,6;3,67
353;6524;2;2;2;2;2;2;1;2;1;1;1;1;2;3;2;2;3;2;2;3;1;1;1;1;3;1;1;1;1;1;1;4;4;4;4;5;5;2;2;4;5;4;4;4;4;4;5;1,7;1,75;2,25;2,5;1,25;1;3,9;4,17
354;6525;3;2;3;1;3;3;2;3;1;3;3;2;2;2;3;3;3;2;2;3;1;2;2;1;1;1;1;2;1;1;1;4;4;4;4;4;5;4;3;4;3;4;4;4;4;4;4;2,4;2,25;2,75;2,5;1,38;1;3,9;4
355;6526;5;5;5;5;5;5;5;4;4;3;4;4;2;4;3;2;2;2;3;3;2;2;1;1;1;1;1;1;1;1;1;4;4;4;4;4;4;4;3;4;4;4;3;3;5;5;5;4,6;3,5;2,25;3;1,25;1;3,9;4,17
356;6527;4;4;4;4;4;4;4;4;4;4;4;3;4;2;4;3;4;3;3;3;3;3;4;3;2;2;2;3;2;2;2;4;4;4;5;4;4;4;4;3;4;4;4;3;5;5;5;4;3,25;3,5;3;2,75;2;4;4,33
357;6528;5;5;5;5;5;5;5;5;5;5;3;3;3;3;3;3;3;3;3;3;3;3;4;3;3;1;1;1;3;3;3;4;5;5;5;5;4;4;4;4;5;4;4;5;5;5;5;5;3;3;3;2,38;3;4,5;4,67
358;6529;5;5;5;4;5;5;5;5;5;5;3;3;3;2;3;4;3;2;3;3;2;3;4;2;3;2;2;2;3;3;3;5;5;5;5;5;4;5;3;5;5;5;4;5;5;5;5;4,9;2,75;3;3;2,5;3;4,7;4,83
359;6571;5;5;5;5;5;5;5;5;5;5;3;3;4;3;5;5;5;4;5;5;3;3;3;3;3;3;2;5;3;3;3;5;5;5;5;5;5;5;5;5;5;5;5;5;5;5;5;5;3,25;4,75;5;3,13;3;5;5
360;6572;5;5;5;5;5;5;5;5;5;5;4;3;3;4;3;5;5;3;5;5;4;5;4;3;4;4;2;4;3;3;3;5;4;4;5;5;4;3;4;3;4;5;5;5;5;5;5;5;3,5;4;5;3,75;3;4,1;5
361;6573;5;5;4;5;4;4;4;3;5;5;3;3;3;3;3;5;3;2;2;4;2;3;2;3;3;3;2;3;3;3;3;5;4;4;4;5;5;4;3;3;5;5;5;5;4;5;5;4,4;3;3,25;3;2,63;3;4,2;4,83
362;6574;5;5;3;4;5;4;3;4;4;3;3;3;2;3;4;3;2;2;4;3;3;2;2;2;2;2;2;2;2;4;2;5;4;5;4;5;5;3;3;3;5;4;5;5;4;5;5;4;2,75;2,75;3,5;2,13;2,67;4,2;4,67
363;6575;3;3;4;3;4;4;4;3;3;3;1;1;3;3;3;3;3;3;4;3;1;1;1;1;1;1;1;1;1;1;1;4;4;4;4;4;5;4;3;4;4;4;4;4;4;4;4;3,4;2;3;3,5;1;1;4;4
364;6576;4;4;4;4;4;4;4;4;4;4;3;4;4;3;3;3;3;3;3;4;4;3;3;3;3;3;3;3;2;2;3;4;4;4;4;4;4;4;4;3;3;4;4;5;5;4;5;4;3,5;3;3,5;3,13;2,33;3,8;4,5
365;6577;5;5;4;4;4;4;4;4;5;5;5;5;3;3;1;4;4;3;5;4;2;3;4;3;2;2;1;2;3;3;3;4;4;4;4;4;3;4;3;3;4;4;3;4;5;4;4;4,4;4;3;4,5;2,38;3;3,7;4
366;6578;5;5;4;4;5;5;5;5;5;5;4;3;4;5;5;4;4;4;5;5;4;5;4;3;4;3;4;5;3;3;5;4;4;4;4;5;5;4;5;5;5;4;5;5;5;5;5;4,8;4;4,25;5;4;3,67;4,5;4,83
367;6579;3;3;3;3;4;3;3;3;3;3;3;3;3;3;3;4;3;3;3;3;3;4;3;3;2;2;2;3;1;1;1;4;4;4;4;4;4;3;3;3;5;4;3;5;4;4;5;3,1;3;3,25;3;2,75;1;3,8;4,17
368;6600;3;3;3;3;3;3;3;3;3;5;2;2;3;4;3;3;3;3;5;4;1;5;1;1;3;1;1;1;1;1;1;5;5;5;5;5;4;3;4;5;5;4;4;5;5;5;5;3,2;2,75;3;4,5;1,75;1;4,6;4,67
369;6601;3;3;4;3;3;3;3;3;3;4;2;2;2;1;1;3;1;1;2;2;1;1;2;2;2;1;1;1;1;1;1;4;4;4;4;2;4;3;3;3;3;4;3;2;4;4;5;3,2;1,75;1,5;2;1,38;1;3,4;3,67
370;6602;4;4;4;4;3;3;2;3;3;3;3;2;3;2;3;3;3;2;4;2;1;3;3;3;1;1;3;2;3;3;2;4;4;1;4;1;4;1;2;3;3;4;1;4;4;5;4;3,3;2,5;2,75;3;2,13;2,67;2,7;3,67
371;6603;1;1;1;1;1;1;1;1;1;2;1;1;1;1;1;2;1;1;1;1;1;1;1;1;1;1;1;1;1;1;1;4;4;4;4;4;2;2;1;2;3;4;2;1;3;3;3;1,1;1;1,25;1;1;1;3;2,67
372;6604;3;3;3;3;3;3;3;3;3;4;1;1;2;1;2;3;4;1;3;1;1;1;1;1;1;1;1;1;1;1;1;4;4;4;4;3;4;3;1;2;4;4;3;2;4;4;5;3,1;1,25;2,5;2;1;1;3,3;3,67
373;6605;4;3;3;5;3;3;3;3;4;5;2;2;1;2;1;3;1;2;2;1;1;3;1;1;2;1;1;1;1;1;1;4;4;4;5;4;4;3;3;3;3;4;3;4;1;5;5;3,6;1,75;1,75;1,5;1,38;1;3,7;3,67
374;6606;4;4;4;3;3;3;3;3;3;3;3;3;3;3;3;3;3;1;2;4;1;3;3;1;2;2;3;2;1;1;1;4;4;3;4;4;3;2;2;3;4;4;3;4;3;3;5;3,3;3;2,5;3;2,13;1;3,3;3,67
375;6607;3;3;3;3;3;2;3;3;3;3;3;1;4;3;5;3;2;2;4;2;1;4;3;3;2;1;1;2;1;1;1;1;1;4;4;2;1;2;1;3;1;4;1;3;3;3;3;2,9;2,75;3;3;2,13;1;2;2,83
376;6608;1;1;3;2;1;3;1;1;3;2;1;1;2;2;1;1;2;1;2;2;1;1;1;1;1;1;2;1;1;1;1;4;4;4;4;1;4;3;1;3;3;4;2;2;3;4;4;1,8;1,5;1,25;2;1,13;1;3,1;3,17
377;6609;3;1;4;1;3;3;3;2;1;2;1;1;2;1;2;1;1;1;1;1;1;1;1;3;2;1;1;1;1;1;1;2;4;4;3;3;3;3;1;4;3;3;3;4;4;3;4;2,3;1,25;1,25;1;1,38;1;3;3,5
378;6610;4;4;3;4;5;4;4;4;4;4;2;1;2;3;4;3;2;3;3;3;1;1;1;1;1;1;1;1;1;1;1;4;4;4;4;3;4;4;3;3;3;4;4;4;4;4;4;4;2;3;3;1;1;3,6;4
379;6611;3;2;3;4;3;3;3;3;3;3;3;3;3;2;3;4;3;3;5;3;3;1;4;3;2;2;2;3;2;2;1;3;4;4;4;4;4;3;2;3;3;3;4;2;3;4;3;3;2,75;3,25;4;2,5;1,67;3,4;3,17
380;6612;1;1;1;1;1;1;1;2;1;3;1;1;1;1;1;2;1;2;2;2;2;2;2;1;1;1;1;1;1;1;1;3;3;3;4;4;4;3;3;3;3;3;2;3;3;3;3;1,3;1;1,5;2;1,38;1;3,3;2,83
381;6671;2;2;4;4;3;4;4;4;4;4;4;3;3;5;1;4;2;3;3;3;2;4;2;3;1;3;1;4;1;1;3;4;4;4;4;4;4;3;4;3;4;4;4;4;5;5;4;3,5;3,75;2,5;3;2,5;1,67;3,8;4,33
382;6672;3;3;5;4;4;3;4;5;3;5;2;2;3;5;4;4;4;2;4;3;1;2;2;2;3;2;1;3;3;2;4;3;3;3;5;3;5;3;5;2;3;5;3;4;4;3;3;3,9;3;3,5;3,5;2;3;3,5;3,67
383;6700;2;3;1;2;2;3;3;2;3;2;3;3;1;3;1;3;3;1;3;2;2;2;2;2;2;2;2;2;2;2;2;3;3;3;3;3;4;1;3;3;3;4;3;3;5;5;5;2,3;2,5;2;2,5;2;2;2,9;4,17
384;6701;2;1;1;1;2;2;1;1;1;3;2;1;1;2;1;1;1;1;1;3;1;1;1;1;1;1;1;1;1;1;1;4;4;4;4;4;4;3;3;3;3;4;2;2;1;4;4;1,5;1,5;1;2;1;1;3,6;2,83
385;6702;3;3;2;2;3;2;3;2;3;2;1;1;1;1;1;2;1;1;2;1;1;1;1;1;1;1;1;1;1;1;1;4;4;3;4;4;4;2;1;3;4;4;2;2;3;3;3;2,5;1;1,25;1,5;1;1;3,3;2,83
386;6703;3;3;3;3;4;4;3;2;4;3;1;3;1;2;2;4;1;1;3;3;3;3;3;3;2;3;2;4;1;3;1;4;4;4;4;4;4;3;3;4;4;4;3;4;5;5;5;3,2;1,75;2;3;2,88;1,67;3,8;4,33
387;6704;3;3;3;3;3;3;3;3;3;3;1;1;2;2;1;5;3;3;4;4;1;1;3;1;2;3;1;3;1;1;1;4;4;4;4;3;4;3;3;4;3;4;4;4;5;5;5;3;1,5;3;4;1,88;1;3,6;4,5
388;6705;3;2;3;1;2;2;2;3;3;3;1;2;2;2;2;2;3;2;2;1;2;2;2;1;2;1;1;1;1;1;1;4;4;4;4;3;4;2;3;3;3;4;2;4;3;3;4;2,4;1,75;2,25;1,5;1,5;1;3,4;3,33
389;6706;3;3;4;3;4;3;3;2;4;4;1;3;2;1;1;3;3;2;2;3;1;1;1;1;2;1;1;1;1;1;1;4;4;4;4;4;4;3;2;1;2;4;2;2;3;3;5;3,3;1,75;2,25;2,5;1,13;1;3,2;3,17
390;6707;1;1;1;2;2;1;1;2;2;2;1;3;1;1;1;1;1;1;1;1;1;1;1;1;1;1;1;1;1;1;1;4;4;4;4;3;4;3;3;3;4;4;1;4;5;4;4;1,5;1,5;1;1;1;1;3,6;3,67
391;6708;3;3;4;5;3;3;3;3;3;5;1;1;2;2;1;1;1;1;2;2;1;1;1;1;1;1;1;1;1;1;1;4;4;4;4;4;4;3;3;3;3;4;2;4;5;3;3;3,5;1,5;1;2;1;1;3,6;3,5
392;6709;3;2;3;1;1;1;1;1;3;3;1;1;2;1;1;2;3;1;2;3;1;1;1;1;1;1;1;1;1;1;1;4;4;4;4;4;4;3;3;3;4;4;1;2;4;5;5;1,9;1,25;1,75;2,5;1;1;3,7;3,5
393;6710;3;3;3;3;2;3;2;3;3;3;2;2;1;1;1;2;2;1;1;1;1;1;1;1;1;1;1;1;1;1;1;4;4;4;4;4;4;3;3;3;3;4;2;2;4;3;4;2,8;1,5;1,5;1;1;1;3,6;3,17
394;6711;4;3;3;3;3;5;3;3;3;3;3;2;2;2;3;3;3;3;3;3;2;3;2;2;2;2;2;2;1;1;1;4;4;4;4;4;4;4;3;3;3;4;2;4;4;3;3;3,3;2,25;3;3;2,13;1;3,7;3,33
395;6712;1;1;1;1;1;1;1;1;1;3;1;1;1;1;1;1;1;1;1;1;1;1;1;1;1;1;1;1;1;1;1;4;4;4;4;2;4;1;1;3;1;4;3;4;4;2;2;1,2;1;1;1;1;1;2,8;3,17
396;6713;1;1;1;1;1;1;1;1;1;4;1;1;1;1;1;1;1;1;1;1;1;1;1;1;1;1;1;1;1;1;1;4;4;4;4;1;2;3;1;2;4;1;3;4;3;2;3;1,3;1;1;1;1;1;2,9;2,67
397;6771;3;3;3;3;3;3;3;2;3;3;3;3;3;2;3;3;3;3;3;2;2;3;3;2;2;1;1;1;1;1;1;4;4;4;4;3;4;3;3;3;4;4;3;5;3;5;3;2,9;2,75;3;2,5;1,88;1;3,6;3,83
398;6800;3;3;3;3;3;3;2;3;1;2;2;1;1;2;2;2;2;2;1;1;1;1;1;1;1;1;1;1;1;1;1;4;4;4;5;5;5;3;3;3;5;5;2;2;5;5;3;2,6;1,5;2;1;1;1;4,1;3,67
399;6801;3;3;4;3;3;3;3;3;3;2;2;2;1;2;2;3;3;3;3;1;1;2;2;1;2;1;1;2;1;1;1;5;5;4;5;3;4;3;3;2;4;5;3;4;5;3;2;3;1,75;2,75;2;1,5;1;3,8;3,67
400;6802;3;3;3;3;3;3;4;3;3;3;2;2;2;3;4;3;3;2;3;4;1;1;1;1;2;2;1;1;2;2;3;4;4;4;5;4;4;4;3;3;3;4;3;4;5;4;4;3,1;2,25;3;3,5;1,25;2,33;3,8;4
401;6803;4;4;4;1;4;4;4;4;4;4;3;3;1;3;4;2;2;3;2;1;2;1;2;2;2;1;1;2;1;1;1;4;4;4;4;4;4;3;3;4;4;4;2;4;4;5;5;3,7;2,5;2,75;1,5;1,63;1;3,8;4
402;6804;3;3;3;3;5;3;3;5;5;3;3;3;1;2;5;5;4;5;2;3;1;2;2;3;2;3;3;3;1;1;1;5;4;4;1;4;5;3;5;4;4;4;4;5;4;5;5;3,6;2,25;4,75;2,5;2,38;1;3,9;4,5
403;6805;1;1;3;3;3;3;3;1;1;3;1;1;2;1;1;3;3;3;2;2;1;1;1;1;1;1;1;1;1;1;1;4;4;4;5;4;5;3;1;4;4;4;4;4;4;4;4;2,2;1,25;2,5;2;1;1;3,8;4
404;6806;2;2;2;3;3;3;3;2;3;3;1;1;2;2;1;1;3;1;2;3;1;1;1;1;2;1;1;1;1;1;1;4;4;4;4;4;4;3;2;3;4;4;4;2;4;4;4;2,6;1,5;1,5;2,5;1,13;1;3,6;3,67
405;6807;3;3;4;3;3;3;3;3;3;3;3;3;2;3;2;3;4;3;2;3;3;1;2;2;3;3;1;2;2;3;2;4;4;3;4;3;4;3;3;3;4;4;3;4;5;5;5;3,1;2,75;3;2,5;2,13;2,33;3,5;4,33
406;6808;2;2;3;3;3;3;3;3;3;3;1;1;1;1;1;1;1;1;2;1;1;1;1;1;1;1;1;1;1;1;1;4;4;4;4;4;4;3;2;3;3;4;2;2;3;3;3;2,8;1;1;1,5;1;1;3,5;2,83
407;6809;2;2;1;1;2;2;1;2;1;3;1;1;1;1;1;2;2;2;2;3;1;1;1;1;1;1;1;1;1;1;1;4;4;4;4;4;2;3;2;2;3;4;2;2;4;3;2;1,7;1;1,75;2,5;1;1;3,2;2,83
408;6810;3;3;3;3;5;3;3;3;3;5;2;3;3;2;3;3;3;2;4;1;2;2;3;3;2;2;2;3;2;2;2;4;4;4;4;3;4;3;4;3;4;4;3;4;5;4;3;3,4;2,5;2,75;2,5;2,38;2;3,7;3,83
409;6811;3;3;3;3;3;3;3;3;3;3;2;2;3;3;1;1;3;1;2;1;2;2;2;3;2;2;1;2;1;1;1;4;4;3;4;3;3;3;1;3;4;4;3;4;3;4;4;3;2,5;1,5;1,5;2;1;3,2;3,67
410;6871;5;5;5;5;5;5;5;5;5;5;3;3;3;3;4;4;4;4;5;4;2;2;2;2;3;2;2;2;2;2;2;5;5;5;5;4;5;3;3;5;5;5;3;5;5;5;5;5;3;4;4,5;2,13;2;4,5;4,67
411;6872;2;2;3;3;3;3;3;2;3;3;3;3;1;2;1;3;3;2;1;3;2;2;2;1;2;1;1;2;1;1;1;4;4;4;4;4;4;3;1;3;3;4;2;4;4;3;3;2,7;2,25;2,25;2;1,63;1;3,4;3,33
412;6900;3;3;4;3;3;3;3;2;3;3;1;3;1;2;1;3;3;2;2;1;1;2;1;1;2;3;1;1;1;3;2;4;4;4;4;3;4;3;3;3;3;4;4;4;5;5;5;3;1,75;2,25;1,5;1,5;2;3,5;4,5
413;6901;4;4;4;4;4;2;2;3;4;2;1;1;1;1;1;2;2;2;2;1;1;1;1;1;1;1;1;1;1;1;1;4;4;4;4;3;4;3;2;3;3;4;4;4;3;3;4;3,3;1;1,75;1,5;1;1;3,4;3,67
414;6902;3;3;3;3;3;3;3;2;3;4;2;3;1;3;3;3;3;3;2;3;3;2;2;2;2;2;3;3;1;1;1;4;4;4;4;3;4;3;2;3;4;4;2;4;3;3;3;3;2,25;3;2,5;2,38;1;3,5;3,17
415;6904;3;2;3;2;3;3;3;3;3;3;2;3;2;2;1;2;2;2;2;1;1;1;1;1;1;1;1;1;1;1;1;4;4;4;3;1;1;2;1;3;1;4;2;3;1;1;1;2,8;2,25;1,75;1,5;1;1;2,4;2
416;6907;1;2;2;1;2;2;2;2;1;3;1;1;3;1;1;2;2;2;3;1;1;2;2;3;1;1;1;3;1;1;1;4;4;4;4;4;4;3;3;2;4;4;3;3;4;3;3;1,8;1,5;1,75;2;1,75;1;3,6;3,33
417;6908;3;3;4;3;3;3;3;3;3;3;3;3;2;1;1;3;3;2;2;3;3;3;3;3;2;2;3;3;3;2;1;4;4;3;4;4;4;3;3;3;4;4;4;4;5;5;5;3,1;2,25;2,25;2,5;2,75;2;3,6;4,5
418;6910;3;3;3;3;3;3;3;3;3;3;3;3;2;3;2;1;2;1;1;1;2;2;3;3;2;1;1;1;1;1;1;4;4;4;4;4;3;2;3;3;3;4;3;4;5;5;5;3;2,75;1,5;1;1,88;1;3,4;4,33
419;6912;1;1;1;1;1;1;1;1;1;1;1;1;1;1;1;1;1;1;1;1;1;1;1;1;1;1;1;1;1;1;1;1;1;1;4;1;1;1;1;1;1;1;1;2;1;1;1;1;1;1;1;1;1;1,3;1,17
420;6971;3;3;5;3;3;3;3;2;3;3;1;1;2;1;5;3;4;5;4;3;1;1;1;1;2;1;1;1;1;1;1;4;4;4;4;4;4;2;3;3;4;4;5;4;5;5;5;3,1;1,25;4,25;3,5;1,13;1;3,6;4,67
421;6972;4;4;5;5;4;4;5;5;5;5;5;3;4;3;4;3;4;4;3;4;2;2;2;2;3;3;2;3;2;2;2;4;4;4;4;4;4;4;4;4;4;4;4;4;5;5;3;4,6;3,75;3,75;3,5;2,38;2;4;4,17
422;6973;3;3;3;2;3;3;3;3;3;3;2;2;1;2;2;3;3;1;2;2;2;1;1;1;1;1;1;2;2;2;2;4;4;4;4;4;4;3;3;3;3;4;4;4;5;3;4;2,9;1,75;2,25;2;1,25;2;3,6;4
423;7000;2;3;4;2;3;3;3;3;3;3;1;1;2;1;1;2;3;1;2;3;1;2;3;2;1;1;1;1;2;1;2;4;4;4;1;3;4;2;4;1;3;4;1;2;2;4;1;2,9;1,25;1,75;2,5;1,5;1,67;3;2,33
424;7001;2;2;2;2;2;3;2;3;1;2;1;1;1;1;1;1;1;2;2;1;1;1;1;1;1;1;1;1;1;1;1;4;4;4;4;2;1;3;1;1;2;4;1;2;3;1;1;2,1;1;1,25;1,5;1;1;2,6;2
425;7002;2;2;5;5;4;4;4;4;2;4;3;3;3;4;3;3;3;3;4;3;4;4;3;3;3;2;3;3;1;1;3;4;4;4;4;4;4;4;2;2;4;4;4;4;5;5;5;3,6;3,25;3;3,5;3,13;1,67;3,6;4,5
426;7003;3;3;3;3;3;3;3;3;3;5;1;1;1;2;1;2;2;1;3;3;2;1;1;2;1;1;1;1;1;1;1;4;4;3;4;3;2;1;3;3;1;2;1;3;3;4;3;3,2;1,25;1,5;3;1,25;1;2,8;2,67
427;7004;1;1;1;1;1;1;1;1;1;2;1;1;2;1;1;2;3;1;1;2;1;1;1;1;1;1;1;1;1;1;1;4;1;4;4;4;4;3;4;3;3;4;1;3;4;4;3;1,1;1,25;1,75;1,5;1;1;3,4;3,17
428;7005;3;3;3;3;3;3;2;2;3;3;1;2;1;1;1;2;3;1;3;1;1;1;1;1;1;1;1;1;1;1;1;4;4;4;3;3;4;2;1;1;1;4;2;2;3;3;3;2,8;1,25;1,75;2;1;1;2,7;2,83
429;7006;3;3;3;3;3;3;3;3;3;3;3;3;1;2;2;2;2;1;4;4;2;2;2;2;2;1;1;1;1;3;3;4;4;4;4;4;3;3;2;3;2;3;4;2;1;3;3;3;2,25;1,75;4;1,63;2,33;3,3;2,67
430;7007;2;2;3;2;3;3;1;2;1;2;2;2;2;1;1;1;3;1;1;1;1;1;1;2;2;1;1;2;1;1;1;4;4;4;4;4;1;4;1;3;4;1;3;2;4;1;3;2,1;1,75;1,5;1;1,38;1;3,3;2,33
431;7008;2;2;3;1;1;3;2;3;3;3;1;1;1;1;1;1;3;1;1;1;1;1;1;1;1;1;1;1;1;1;1;4;4;4;4;3;4;3;2;3;1;4;1;2;3;5;2;2,3;1;1,5;1;1;1;3,2;2,83
432;7009;4;3;3;2;3;3;3;3;3;3;3;3;3;2;1;2;3;2;2;3;3;2;3;2;2;3;2;1;2;3;3;4;4;4;4;3;4;3;1;3;3;4;4;3;2;2;3;3;2,75;2;2,5;2,25;2,67;3,3;3
433;7012;2;3;2;3;2;2;2;1;3;1;1;2;2;1;1;2;2;1;2;3;1;2;1;1;1;1;1;1;3;3;2;4;4;4;4;3;4;2;1;3;4;4;1;2;3;4;2;2,1;1,5;1,5;2,5;1,13;2,67;3,3;2,67
434;7013;3;3;3;3;3;3;2;2;3;3;1;1;2;1;1;2;2;1;2;3;1;1;1;1;1;1;1;1;1;1;1;4;4;4;4;3;4;3;4;3;4;4;2;2;4;1;4;2,8;1,25;1,5;2,5;1;1;3,7;2,83
435;7071;3;3;4;3;4;4;3;3;3;3;1;2;1;1;1;2;2;1;2;3;2;2;2;2;2;2;2;2;2;1;1;4;4;4;5;4;4;4;3;5;4;3;4;4;4;4;4;3,3;1,25;1,5;2,5;2;1,33;4,1;3,83
436;7072;3;4;3;2;3;2;3;2;3;2;3;2;1;4;5;2;3;2;3;3;3;4;3;2;2;3;3;1;2;2;2;3;3;2;4;2;3;3;2;3;2;3;4;3;5;2;4;2,7;2,5;3;3;2,63;2;2,7;3,5
437;7073;3;3;2;3;3;3;2;3;3;3;1;2;4;2;4;3;3;3;3;2;2;3;2;2;2;2;2;2;3;3;2;4;4;4;4;4;4;3;3;3;3;4;4;3;3;2;4;2,8;2,25;3,25;2,5;2,13;2,67;3,6;3,33
438;7074;3;3;4;3;3;5;3;2;3;3;3;3;2;2;3;3;2;3;2;3;2;2;2;2;2;2;2;2;1;1;1;3;3;3;4;3;1;2;3;3;1;4;4;2;4;4;4;3,2;2,5;2,75;2,5;2;1;2,6;3,67
439;7100;3;3;5;3;5;5;5;5;5;5;3;3;2;5;1;3;4;4;4;1;3;3;1;2;2;3;3;2;3;3;1;4;4;4;4;3;1;3;3;3;4;4;3;4;3;3;3;4,4;3,25;3;2,5;2,38;2,33;3,3;3,33
440;7101;3;2;3;3;4;3;3;3;1;3;2;2;2;1;1;3;3;3;3;2;1;1;2;3;3;1;1;1;1;1;1;4;4;4;4;4;4;3;2;3;4;3;3;1;3;4;4;2,8;1,75;2,5;2,5;1,63;1;3,6;3
441;7102;1;1;1;1;1;1;1;1;1;1;1;1;1;1;1;1;1;1;1;1;1;1;1;1;1;1;1;1;1;1;1;4;4;4;4;3;4;3;1;3;3;4;2;4;4;4;1;1;1;1;1;1;1;3,3;3,17
442;7103;2;2;3;1;1;1;1;1;1;2;3;1;2;2;1;1;3;1;1;1;1;1;1;1;1;1;1;1;1;1;1;4;4;4;4;4;3;3;4;4;4;4;1;4;4;3;4;1,5;2;1,5;1;1;1;3,8;3,33
443;7104;3;4;4;4;4;4;4;3;4;4;2;1;2;3;1;2;3;1;2;3;1;2;2;2;2;1;1;1;1;1;1;4;4;4;4;4;4;3;3;4;4;4;3;4;4;4;4;3,8;2;1,75;2,5;1,5;1;3,8;3,83
444;7105;3;3;3;3;3;3;3;3;3;3;3;1;3;2;1;3;3;1;3;3;2;2;2;1;2;1;1;1;1;1;1;3;3;3;4;3;4;2;3;3;3;4;2;4;4;3;3;3;2,25;2;3;1,5;1;3,1;3,33
445;7171;3;3;3;3;3;3;3;3;3;3;1;1;1;1;1;3;3;4;2;3;1;1;1;1;1;1;1;1;1;1;1;4;4;4;4;4;4;3;1;3;3;4;1;4;4;3;4;3;1;2,75;2,5;1;1;3,4;3,33
446;7200;3;3;3;3;3;3;3;3;3;4;4;3;3;2;4;3;3;2;4;4;2;3;3;2;2;2;2;2;2;4;3;4;4;4;3;3;4;3;3;3;3;4;3;3;3;3;4;3,1;3;3;4;2,25;3;3,4;3,33
447;7201;3;3;3;3;3;3;3;3;3;3;3;3;3;3;1;2;2;1;2;1;1;1;1;1;1;1;1;1;1;1;1;4;1;4;4;2;1;3;1;3;1;5;2;2;2;1;1;3;3;1,5;1,5;1;1;2,4;2,17
448;7202;1;1;1;1;1;1;1;1;1;1;1;1;1;1;1;1;1;1;1;1;1;1;1;1;1;1;1;1;1;1;1;1;1;1;4;4;1;4;1;1;1;1;1;2;5;5;5;1;1;1;1;1;1;1,9;3,17
449;7203;3;3;4;3;3;3;3;2;3;3;1;1;1;1;1;2;2;1;2;3;1;1;1;1;1;1;1;1;1;1;1;4;4;4;4;3;1;4;1;2;3;4;1;2;5;1;1;3;1;1,5;2,5;1;1;3;2,33
450;7204;4;4;4;4;4;4;4;4;4;4;3;3;3;3;1;3;3;2;4;2;2;3;3;2;3;3;2;3;2;2;1;4;4;4;4;4;4;4;2;4;3;4;2;4;5;3;3;4;3;2,25;3;2,63;1,67;3,7;3,5
451;7205;4;4;4;4;4;4;4;4;4;3;1;1;1;1;3;4;4;3;4;3;1;1;1;1;1;1;1;1;1;1;1;4;4;4;4;3;4;3;3;3;3;5;3;3;5;2;5;3,9;1;3,5;3,5;1;1;3,5;3,83
452;7206;3;3;3;3;3;3;3;2;3;3;3;3;2;2;1;3;3;2;3;3;1;2;1;1;2;1;1;1;1;1;1;4;4;4;4;2;4;4;3;4;2;4;3;4;5;3;5;2,9;2,5;2,25;3;1,25;1;3,5;4
453;7207;3;3;4;3;3;3;3;3;3;3;1;1;1;1;1;1;2;1;1;2;1;1;1;1;1;1;1;1;1;1;1;4;4;4;4;4;5;3;1;1;3;5;2;4;5;1;1;3,1;1;1,25;1,5;1;1;3,3;3
454;7208;3;3;4;3;4;3;3;3;3;3;2;2;2;1;2;2;2;1;2;2;1;1;1;1;1;1;1;1;1;1;1;4;4;4;4;4;4;3;3;3;3;4;1;4;4;5;4;3,2;1,75;1,75;2;1;1;3,6;3,67
455;7209;3;3;2;1;3;3;3;3;3;3;1;1;1;1;1;1;1;1;1;1;1;1;1;1;1;1;1;1;1;1;1;4;4;2;4;3;4;3;2;4;2;4;2;2;2;1;5;2,7;1;1;1;1;1;3,2;2,67
456;7210;1;1;3;1;1;2;1;2;1;2;2;2;1;1;2;2;1;1;2;1;1;1;1;1;1;1;1;1;1;1;1;4;4;4;4;3;1;3;2;3;4;4;2;2;5;2;3;1,5;1,5;1,5;1,5;1;1;3,2;3
457;7211;2;3;3;1;1;1;1;2;1;3;1;1;1;1;1;1;1;1;1;1;1;1;1;1;1;1;1;1;1;1;1;1;1;1;1;4;4;1;1;4;1;1;2;4;1;1;1;1,8;1;1;1;1;1;1,9;1,67
458;7212;2;2;2;1;3;2;2;1;1;1;1;1;1;1;1;2;3;2;3;2;1;1;1;1;1;1;1;1;1;1;1;4;4;4;4;3;4;3;1;3;2;4;1;4;2;1;1;1,7;1;2;2,5;1;1;3,2;2,17
459;7271;3;3;3;3;3;3;3;3;3;3;1;2;2;1;1;1;3;1;2;3;1;1;1;1;2;1;1;1;1;1;2;4;4;4;4;4;4;3;1;3;4;4;2;3;3;4;3;3;1,5;1,5;2,5;1,13;1,33;3,5;3,17
460;7300;3;2;2;2;3;3;3;2;2;4;3;3;3;4;1;3;3;2;2;4;2;2;2;2;2;2;1;2;1;1;4;4;4;3;4;4;4;4;4;4;4;5;4;2;3;3;5;2,6;3,25;2,25;3;1,88;2;3,9;3,67
461;7301;5;3;4;1;5;4;5;2;3;5;5;3;3;3;1;3;3;3;3;1;1;1;1;1;1;1;1;1;1;1;1;4;4;4;4;3;4;2;4;2;3;4;3;2;1;3;4;3,7;3,5;2,5;2;1;1;3,4;2,83
462;7302;3;3;3;3;3;3;3;3;3;3;1;3;2;1;2;3;3;2;2;1;1;2;2;2;2;2;1;1;3;3;3;4;4;4;4;4;3;2;3;3;3;4;3;4;4;1;2;3;1,75;2,5;1,5;1,63;3;3,4;3
463;7303;3;3;3;2;3;3;3;3;3;3;3;3;2;1;1;2;2;2;1;1;1;1;1;1;1;1;1;1;1;1;1;4;4;4;4;4;4;2;3;4;4;4;3;4;4;4;3;2,9;2,25;1,75;1;1;1;3,7;3,67
464;7305;5;4;3;3;3;3;3;2;3;3;3;3;1;2;1;3;3;1;2;2;3;2;2;3;2;1;1;1;1;2;1;4;4;4;4;5;4;3;2;2;4;4;1;4;4;4;4;3,2;2,25;2;2;1,88;1,33;3,6;3,5
465;7306;3;3;2;2;1;3;3;2;3;1;1;1;1;1;1;1;2;1;1;1;1;1;1;1;1;1;1;1;1;1;1;2;1;2;2;2;4;2;2;3;2;4;1;2;1;1;3;2,3;1;1,25;1;1;1;2,2;2
466;7307;3;2;4;2;1;3;3;3;3;3;1;2;2;2;1;2;2;2;2;3;1;1;1;1;1;1;1;1;1;1;1;4;4;4;4;3;4;3;4;3;3;4;3;2;3;4;3;2,7;1,75;1,75;2,5;1;1;3,6;3,17
467;7309;2;2;2;2;2;2;2;2;2;3;2;2;2;2;1;3;2;2;2;3;1;1;1;1;1;1;1;1;1;1;1;4;4;4;4;4;4;2;3;3;4;4;2;4;4;4;3;2,1;2;2;2,5;1;1;3,6;3,5
468;7310;3;1;3;2;3;3;2;3;3;3;2;2;2;3;1;2;3;3;2;3;1;1;1;1;1;1;1;1;1;1;1;3;4;4;4;3;4;3;4;4;4;3;3;4;3;3;3;2,6;2,25;2,25;2,5;1;1;3,7;3,17
469;7311;3;2;4;2;3;3;3;2;3;3;2;2;4;1;2;2;1;2;1;2;1;1;1;1;1;1;1;1;1;1;1;4;3;4;4;4;4;2;2;4;2;3;2;2;2;3;1;2,8;2,25;1,75;1,5;1;1;3,3;2,17
470;7312;4;3;3;5;3;3;3;3;3;3;3;3;2;2;3;3;3;2;3;2;2;2;1;2;2;2;2;2;1;1;2;4;4;4;4;4;4;4;4;3;3;4;2;4;2;5;4;3,3;2,5;2,75;2,5;1,88;1,33;3,8;3,5
471;7313;4;4;4;4;4;4;4;4;4;4;1;2;1;2;2;2;3;3;1;2;1;2;1;1;1;1;2;2;2;1;2;4;4;4;4;4;4;3;4;4;4;4;4;3;5;5;5;4;1,5;2,5;1,5;1,38;1,67;3,9;4,33
472;7314;3;3;4;3;2;3;2;2;3;3;2;2;2;1;1;1;1;2;1;1;1;1;1;1;1;1;1;1;1;1;1;1;4;1;3;4;1;1;3;4;3;1;2;2;3;2;2;2,8;1,75;1,25;1;1;1;2,5;2
473;7315;3;2;1;1;2;1;1;2;1;3;2;1;2;1;1;1;1;1;2;1;1;1;1;1;1;1;1;1;1;1;1;4;4;4;4;4;4;3;3;4;3;4;1;3;3;4;3;1,7;1,5;1;1,5;1;1;3,7;3
474;7316;1;1;3;1;1;1;1;1;1;3;1;1;2;1;1;2;4;1;2;1;1;1;1;1;1;1;1;1;1;1;1;4;4;4;4;4;4;3;3;3;4;4;3;4;3;4;3;1,4;1,25;2;1,5;1;1;3,7;3,5
475;7317;5;5;5;5;5;5;5;5;5;5;1;1;1;1;1;2;3;1;2;2;1;1;1;1;1;1;1;1;1;1;1;4;4;4;4;3;4;3;4;4;3;4;3;2;5;5;3;5;1;1,75;2;1;1;3,7;3,67
476;7318;3;3;3;1;3;3;3;3;3;3;1;1;1;1;1;1;2;1;1;1;1;1;1;1;1;1;1;1;1;1;1;4;4;4;4;3;2;3;3;3;3;4;3;4;4;4;1;2,8;1;1,25;1;1;1;3,3;3,33
477;7319;3;3;3;3;3;3;3;3;3;3;2;1;2;2;2;3;3;3;3;1;1;1;1;1;1;1;1;1;1;1;1;4;4;4;4;3;4;3;3;3;4;4;4;2;5;1;3;3;1,75;2,75;2;1;1;3,6;3,17
478;7321;3;4;3;4;3;4;4;4;4;3;4;3;2;1;1;2;2;2;2;3;2;2;2;1;2;1;1;1;1;1;1;4;4;3;4;3;4;3;3;3;3;4;1;2;3;4;2;3,6;2,5;1,75;2,5;1,5;1;3,4;2,67
479;7322;4;3;4;3;3;3;3;3;3;3;3;3;3;2;1;2;3;2;3;3;3;3;2;3;2;2;2;2;2;2;2;4;4;4;4;4;4;3;4;4;4;4;2;2;5;5;5;3,2;2,75;2;3;2,38;2;3,9;3,83
480;7325;3;3;4;3;3;3;3;3;3;3;3;3;3;2;3;5;3;1;1;3;3;2;1;1;1;1;1;2;1;1;1;4;4;4;4;5;4;3;3;3;1;4;3;4;5;5;5;3,1;2,75;3;2;1,5;1;3,5;4,33
481;7326;2;2;3;3;3;1;1;3;3;3;3;2;1;1;1;2;2;1;1;1;2;2;3;2;2;2;2;2;1;1;1;4;4;3;3;3;1;2;1;3;3;4;3;2;4;4;2;2,4;1,75;1,5;1;2,13;1;2,7;3,17
482;7371;4;3;4;3;3;4;3;3;3;3;1;2;1;2;3;3;4;3;3;3;3;2;4;3;2;4;1;2;2;2;1;4;4;5;4;5;4;4;4;4;4;4;4;4;5;5;5;3,3;1,5;3,25;3;2,63;1,67;4,2;4,5
483;7372;3;3;3;3;3;3;3;2;3;3;1;1;1;2;1;3;1;2;1;2;1;1;1;1;1;1;1;1;1;1;1;4;4;4;4;5;4;3;4;3;3;4;4;2;4;3;5;2,9;1,25;1,75;1,5;1;1;3,8;3,67
484;7373;4;4;3;4;3;3;3;4;3;3;1;1;3;2;4;3;3;3;3;2;2;3;2;2;2;1;1;1;1;1;1;5;5;5;5;5;5;3;4;5;4;4;3;2;5;5;5;3,4;1,75;3,25;2,5;1,75;1;4,6;4
485;7400;3;3;3;3;3;3;3;3;3;3;3;1;1;3;2;3;3;2;2;3;2;2;2;1;2;2;1;1;2;1;1;4;1;4;4;3;3;3;2;2;3;3;4;3;4;2;3;3;2;2,5;2,5;1,63;1,33;2,9;3,17
486;7401;3;3;4;3;2;3;3;2;3;2;1;1;1;1;1;2;2;1;1;1;1;1;1;1;1;1;1;1;1;1;1;4;4;4;4;4;1;1;1;1;3;4;1;1;1;1;1;2,8;1;1,5;1;1;1;2,7;1,5
487;7402;1;1;3;2;2;1;2;2;1;1;1;2;1;1;1;2;1;1;1;1;2;2;1;1;1;1;1;1;1;1;1;3;3;3;3;3;2;3;3;2;1;4;3;3;3;4;3;1,6;1,25;1,25;1;1,25;1;2,6;3,33
488;7403;3;3;3;3;3;3;3;3;3;3;1;1;2;1;1;2;3;1;1;1;1;1;1;1;1;1;1;1;1;1;1;4;4;4;4;4;4;1;1;3;1;4;1;1;3;4;4;3;1,25;1,75;1;1;1;3;2,83
489;7404;4;4;4;4;5;4;5;4;4;4;5;5;1;3;3;3;3;3;3;3;3;3;3;3;3;2;2;4;3;3;3;4;4;4;4;3;4;3;3;3;3;4;3;4;4;4;4;4,2;3,5;3;3;2,88;3;3,5;3,83
490;7405;5;2;3;4;3;3;3;3;5;3;1;3;1;1;1;2;3;1;2;1;1;2;1;2;2;1;1;1;1;1;1;4;4;4;4;5;4;2;4;2;5;4;3;2;4;5;1;3,4;1,5;1,75;1,5;1,38;1;3,8;3,17
491;7406;1;1;1;1;1;1;1;1;1;2;1;2;2;1;1;1;1;1;2;3;1;1;1;1;1;1;1;1;1;1;1;4;4;4;4;4;1;4;4;4;1;4;2;2;4;1;1;1,1;1,5;1;2,5;1;1;3,4;2,33
492;7407;2;2;2;3;3;3;3;3;3;1;1;1;1;1;1;1;1;1;1;1;1;1;1;1;1;1;1;1;1;1;1;4;4;4;4;3;4;3;1;3;2;1;2;4;5;2;3;2,5;1;1;1;1;1;3,2;2,83
493;7408;1;1;1;1;1;1;1;2;1;2;1;1;1;1;1;1;1;1;2;1;1;1;1;1;1;1;1;1;1;1;1;2;1;4;4;3;4;3;1;1;1;2;1;1;1;1;2;1,2;1;1;1,5;1;1;2,4;1,33
494;7410;1;1;1;1;1;1;1;1;1;1;1;1;1;1;1;1;3;1;1;1;1;1;1;1;1;1;1;1;1;1;1;4;4;4;4;3;4;1;3;3;1;4;1;4;3;4;4;1;1;1,5;1;1;1;3,1;3,33
495;7411;2;2;3;1;3;3;3;2;1;1;2;2;3;3;2;1;1;1;1;1;1;1;1;1;1;1;1;4;1;1;1;4;4;1;4;4;4;1;1;3;1;4;1;4;1;4;1;2,1;2,5;1,25;1;1,38;1;2,7;2,5
496;7412;2;2;3;2;2;3;3;2;3;3;1;1;1;1;1;1;3;1;1;1;1;1;1;1;1;1;1;1;1;1;1;4;4;4;4;3;4;3;1;3;1;4;4;2;4;5;4;2,5;1;1,5;1;1;1;3,1;3,83
497;7413;1;1;1;1;1;1;1;1;1;1;1;1;1;1;1;1;1;1;1;1;1;1;1;1;1;1;1;1;1;1;1;4;4;4;4;4;4;3;2;3;1;4;1;2;4;3;3;1;1;1;1;1;1;3,3;2,83
498;7414;1;2;2;1;1;2;2;2;1;1;1;1;1;1;1;1;1;1;1;1;1;1;1;1;1;1;1;1;1;1;1;2;2;2;3;1;1;1;1;1;1;1;3;3;1;1;1;1,5;1;1;1;1;1;1,5;1,67
499;7415;4;4;3;4;4;2;4;4;4;4;3;3;1;1;1;2;2;1;1;1;1;2;1;2;1;1;1;1;1;1;1;4;4;4;4;4;4;3;1;4;4;2;3;1;4;4;4;3,7;2;1,5;1;1,25;1;3,6;3
500;7416;2;2;3;2;2;1;2;2;2;2;1;1;1;1;1;1;1;1;1;1;1;1;1;1;1;1;1;1;1;1;1;4;4;4;4;3;1;3;1;3;1;4;1;2;3;1;1;2;1;1;1;1;1;2,8;2
501;7471;3;2;3;2;3;3;3;2;3;3;1;1;1;2;1;2;2;1;2;3;1;1;1;1;1;1;1;1;1;1;1;4;4;4;4;3;2;3;3;3;3;4;2;3;4;4;3;2,7;1,25;1,5;2,5;1;1;3,3;3,33
502;7472;2;2;1;1;1;1;1;1;1;1;1;1;1;1;1;1;1;2;1;2;1;1;1;1;1;1;1;1;1;1;1;2;4;4;4;3;4;4;1;2;3;1;3;3;3;4;2;1,2;1;1,25;1,5;1;1;3,1;2,67
503;7500;5;5;5;5;5;5;5;3;5;3;4;3;4;4;4;4;3;3;3;5;2;3;3;3;2;2;2;5;2;2;5;4;4;4;4;5;5;5;5;4;4;5;4;5;5;5;5;4,6;3,75;3,5;4;2,75;3;4,4;4,83
504;7501;2;2;3;3;3;3;3;5;4;5;1;1;5;4;4;5;4;4;5;4;1;4;1;1;1;1;1;1;1;1;1;4;4;4;4;4;4;4;3;3;5;5;4;4;4;5;5;3,3;2,75;4,25;4,5;1,38;1;3,9;4,5
505;7502;3;3;2;3;1;3;3;3;5;5;2;2;2;3;2;5;3;3;3;3;1;3;2;2;3;1;1;2;1;1;1;4;4;4;4;4;4;3;3;4;4;4;3;4;5;3;5;3,1;2,25;3,25;3;1,88;1;3,8;4
506;7503;4;3;3;3;2;3;3;3;1;4;3;2;3;2;3;3;3;3;3;4;1;1;1;1;2;1;1;1;1;1;1;4;4;3;4;5;4;3;3;4;3;4;4;4;4;4;4;2,9;2,5;3;3,5;1,13;1;3,7;4
507;7504;3;3;3;3;3;3;3;3;3;3;3;3;3;2;3;4;3;3;5;1;1;2;3;3;3;3;2;3;3;3;1;4;4;3;4;4;4;3;3;3;3;4;3;4;3;3;4;3;2,75;3,25;3;2,5;2,33;3,5;3,5
508;7505;1;1;3;1;3;3;3;1;1;3;2;2;2;2;3;2;4;1;3;3;2;2;4;1;2;1;1;1;1;1;1;1;2;2;2;2;1;3;2;3;2;4;4;4;3;2;4;2;2;2,5;3;1,75;1;2;3,5
509;7506;3;2;1;2;3;3;1;2;3;3;1;1;3;3;3;3;3;1;3;3;2;3;2;1;2;1;1;1;2;2;1;2;2;2;4;4;2;3;3;3;2;2;2;4;3;4;4;2,3;2;2,5;3;1,63;1,67;2,7;3,17
510;7507;4;2;2;4;4;4;5;4;4;3;2;2;3;2;3;3;3;4;5;5;2;4;2;2;2;2;2;2;2;2;3;4;4;5;4;5;4;4;5;5;5;4;5;4;5;4;4;3,6;2,25;3,25;5;2,25;2,33;4,5;4,33
511;7508;4;5;5;5;5;5;5;5;5;4;5;5;5;3;1;5;5;3;3;3;3;4;2;3;3;2;2;2;2;2;2;4;4;4;5;4;5;3;3;4;4;4;4;4;5;4;2;4,8;4,5;3,5;3;2,63;2;4;3,83
512;7571;5;4;4;5;4;3;2;3;3;3;3;4;1;4;4;5;4;3;3;4;4;3;4;4;4;2;3;4;3;4;3;4;4;3;4;5;4;3;3;4;4;4;4;5;5;5;5;3,6;3;4;3,5;3,5;3,33;3,8;4,67
513;7600;2;4;3;2;3;3;3;3;4;4;2;4;2;3;3;3;2;2;4;4;2;3;2;2;3;3;2;3;2;1;3;4;4;4;4;5;4;4;4;4;4;4;4;4;4;4;5;3,1;2,75;2,5;4;2,5;2;4,1;4,17
514;7601;3;3;3;3;3;3;3;3;3;3;2;1;1;2;1;3;3;2;3;3;1;1;1;1;1;1;1;1;1;1;1;4;4;4;4;4;4;3;1;3;3;4;2;4;5;5;5;3;1,5;2,25;3;1;1;3,4;4,17
515;7602;3;3;3;1;3;3;3;2;3;3;2;2;1;1;1;2;2;1;3;3;3;2;1;1;1;1;1;1;1;1;1;4;4;5;5;3;4;3;3;3;3;3;3;4;5;4;3;2,7;1,5;1,5;3;1,38;1;3,7;3,67
516;7603;3;3;4;3;3;3;3;3;3;4;1;1;1;1;2;3;3;1;1;1;1;1;1;1;1;1;1;1;1;1;1;4;4;4;4;3;4;3;3;3;4;4;2;2;3;3;3;3,2;1;2,25;1;1;1;3,6;2,83
517;7604;3;3;1;2;3;3;2;2;3;2;2;2;1;1;1;1;2;1;1;1;1;1;1;1;1;1;1;1;1;1;1;4;4;4;2;2;1;2;1;2;1;4;2;2;3;2;2;2,4;1,5;1,25;1;1;1;2,3;2,5
518;7605;3;3;4;4;4;4;3;3;3;3;2;2;2;1;3;3;3;3;3;2;1;1;1;1;1;1;1;1;1;1;1;4;4;4;4;4;1;3;1;3;4;4;4;3;4;3;4;3,4;1,75;3;2,5;1;1;3,2;3,67
519;7606;3;3;3;3;3;3;3;3;3;3;1;1;1;1;1;1;1;1;1;1;1;1;1;1;1;1;1;1;1;1;1;2;2;2;4;4;4;1;1;2;2;4;2;4;2;1;3;3;1;1;1;1;1;2,4;2,67
520;7607;3;3;5;3;3;3;3;1;3;3;4;3;2;3;1;2;3;2;2;2;2;2;3;3;4;2;2;2;2;1;4;4;4;4;4;4;4;3;4;4;4;4;4;4;3;4;3;3;3;2;2;2,5;2,33;3,9;3,67
521;7608;3;3;3;3;3;3;2;3;3;3;1;1;2;1;1;2;1;1;2;1;1;1;1;1;1;1;1;1;1;1;1;4;4;4;4;3;4;4;2;2;3;4;3;2;4;4;3;2,9;1,25;1,25;1,5;1;1;3,4;3,33
522;7671;3;3;4;3;3;3;3;2;3;4;3;2;4;3;2;4;4;3;4;3;3;4;2;4;3;3;3;3;4;2;2;4;4;4;4;4;4;3;3;3;3;5;4;4;3;5;5;3,1;3;3,25;3,5;3,13;2,67;3,6;4,33
523;7672;2;3;3;2;3;3;3;2;2;2;2;1;3;1;1;3;2;2;2;2;1;1;1;1;1;1;1;1;1;1;1;4;4;4;4;3;3;3;3;3;3;3;2;2;4;3;3;2,5;1,75;2;2;1;1;3,4;2,83
524;7700;5;5;5;5;5;5;5;4;5;5;3;3;3;3;3;4;5;3;3;4;3;3;3;3;3;3;2;3;3;3;2;4;4;4;5;5;4;2;3;4;5;4;4;4;4;5;5;4,9;3;3,75;3,5;2,88;2,67;4;4,33
525;7701;2;1;1;1;1;1;1;1;1;3;2;2;2;2;1;1;1;1;1;1;1;1;1;1;1;1;1;1;1;1;1;4;4;4;4;4;1;1;1;3;1;4;2;2;4;3;1;1,3;2;1;1;1;1;2,7;2,67
526;7702;5;5;3;3;3;3;3;3;3;3;1;1;1;1;1;1;1;2;2;3;1;1;1;1;1;1;1;1;1;1;1;4;4;4;4;4;1;3;1;1;4;4;2;4;3;3;1;3,4;1;1,25;2,5;1;1;3;2,83
527;7703;3;3;1;1;1;1;1;2;1;1;1;1;1;1;1;1;2;1;1;1;1;1;1;1;1;1;1;1;1;1;1;4;4;4;4;4;4;2;1;3;1;4;3;3;4;3;3;1,5;1;1,25;1;1;1;3,1;3,33
528;7704;3;3;4;3;1;2;2;3;3;3;1;1;2;2;1;2;3;2;2;1;1;1;1;1;1;1;1;1;1;1;1;4;4;4;4;4;4;3;3;3;3;4;2;4;4;4;5;2,7;1,5;2;1,5;1;1;3,6;3,83
529;7705;2;2;2;1;1;2;2;1;3;3;1;1;2;1;1;2;1;1;2;1;1;1;1;1;1;1;1;1;1;1;1;4;4;4;4;3;4;3;2;3;2;2;2;3;2;4;5;1,9;1,25;1,25;1,5;1;1;3,3;3
530;7706;1;1;1;1;1;1;1;1;1;1;1;1;1;1;1;1;1;1;1;2;1;1;1;1;1;1;1;1;1;1;1;4;4;4;4;4;1;3;1;1;4;4;1;3;4;1;5;1;1;1;1,5;1;1;3;3
531;7707;1;1;1;1;1;1;1;1;1;3;1;1;1;1;1;1;1;1;1;1;1;1;1;1;1;1;1;1;1;1;1;4;4;4;4;4;4;4;2;3;3;4;2;3;3;3;2;1,2;1;1;1;1;1;3,6;2,83
532;7708;1;1;1;1;1;1;1;1;1;1;1;1;2;1;1;2;3;1;1;1;1;1;1;1;1;1;1;1;1;1;1;4;4;4;4;4;4;1;3;1;3;1;3;1;4;3;3;1;1,25;1,75;1;1;1;3,2;2,5
533;7709;1;1;1;1;1;1;1;1;1;1;1;1;2;1;1;1;1;1;1;1;1;1;1;1;1;1;1;1;1;1;1;2;2;2;4;2;1;1;1;3;1;1;1;1;4;1;1;1;1,25;1;1;1;1;1,9;1,5
534;7710;3;3;4;3;3;3;3;2;3;3;3;3;1;2;1;2;1;1;2;1;1;1;2;1;2;1;1;2;1;1;1;4;4;4;4;4;4;3;2;3;4;4;2;4;2;5;5;3;2,25;1,25;1,5;1,38;1;3,6;3,67
535;7711;3;3;4;3;3;3;3;2;3;2;1;1;1;1;1;3;1;1;2;3;1;1;1;1;1;1;1;1;1;1;1;3;3;3;3;3;4;1;3;3;3;4;3;3;5;5;3;2,9;1;1,5;2,5;1;1;2,9;3,83
536;7712;3;3;3;3;2;3;2;1;3;3;1;1;2;1;2;3;1;2;3;1;1;1;1;1;1;1;1;1;1;1;1;4;4;4;4;3;4;3;3;3;3;4;3;4;5;5;1;2,6;1,25;2;2;1;1;3,5;3,67
537;7713;3;3;2;1;1;2;2;3;3;3;1;1;2;1;1;1;2;1;1;1;1;1;1;1;1;1;1;1;1;1;1;4;4;4;4;3;4;1;2;4;3;4;2;3;1;4;2;2,3;1,25;1,25;1;1;1;3,3;2,67
538;7714;3;3;3;3;4;3;3;4;4;4;2;2;3;2;3;2;2;2;4;2;2;2;2;2;2;2;2;2;2;2;2;4;4;4;3;4;4;4;3;3;3;4;3;4;4;3;3;3,4;2,25;2,25;3;2;2;3,6;3,5
539;7715;5;5;5;5;5;5;5;5;5;5;1;3;3;1;3;3;3;2;5;3;3;3;3;3;2;2;2;2;3;3;3;4;4;3;4;4;4;2;3;3;4;4;4;4;3;4;5;5;2;2,75;4;2,5;3;3,5;4
540;7716;4;3;4;3;3;3;3;3;3;3;2;3;2;1;1;3;2;1;2;1;1;1;3;1;1;1;1;1;1;1;1;4;4;4;4;3;4;3;3;3;3;4;3;3;3;3;4;3,2;2;1,75;1,5;1,25;1;3,5;3,33
541;7717;1;1;1;1;1;1;1;1;1;1;1;1;1;1;1;1;1;1;1;1;1;1;1;1;1;1;1;1;1;1;1;4;4;4;4;2;1;2;3;1;1;4;1;3;2;2;2;1;1;1;1;1;1;2,6;2,33
542;7718;3;3;4;1;2;2;2;3;3;3;1;1;2;1;1;1;1;1;1;1;1;1;1;1;1;1;1;1;1;1;1;4;2;3;4;3;2;1;1;2;2;4;1;2;2;1;1;2,6;1,25;1;1;1;1;2,4;1,83
543;7719;1;1;1;1;1;1;1;1;1;1;1;1;1;1;1;1;1;1;1;1;1;1;1;1;1;1;1;1;1;1;1;4;4;4;4;4;1;3;1;1;4;1;1;1;2;1;1;1;1;1;1;1;1;3;1,17
544;7720;3;3;4;3;3;3;3;2;3;3;3;1;1;1;1;2;2;1;2;2;1;1;1;1;1;1;1;1;1;1;1;4;4;4;4;3;4;3;3;3;2;4;1;4;4;2;3;3;1,5;1,5;2;1;1;3,4;3
545;7721;3;3;3;3;3;3;3;2;3;2;1;1;1;1;1;1;1;2;1;1;1;1;1;1;1;1;1;1;1;1;1;4;4;4;4;3;4;3;1;3;3;4;1;4;1;1;1;2,8;1;1,25;1;1;1;3,3;2
546;7771;4;2;3;4;4;3;4;4;3;2;1;1;2;1;1;3;3;1;2;3;1;1;1;1;1;1;1;1;1;1;1;4;4;4;4;3;2;2;1;2;2;1;1;4;1;3;3;3,3;1,25;2;2,5;1;1;2,8;2,17
547;7800;1;2;3;2;2;2;3;3;3;3;1;1;1;1;1;2;2;2;2;2;1;2;1;1;1;1;1;1;1;1;1;4;1;4;4;4;4;1;1;3;4;4;3;3;4;2;2;2,4;1;1,75;2;1,13;1;3;3
548;7801;1;1;1;1;1;2;1;1;1;3;1;1;1;1;1;1;1;1;3;1;1;1;1;1;1;1;1;1;1;1;1;3;2;2;3;3;1;3;3;3;3;4;3;2;3;1;3;1,3;1;1;2;1;1;2,6;2,67
549;7802;2;1;2;1;3;3;2;1;1;1;1;1;1;1;1;1;1;1;1;1;1;1;1;1;1;1;1;1;1;1;1;4;4;4;4;3;3;1;3;3;3;4;2;2;4;1;1;1,7;1;1;1;1;1;3,2;2,33
550;7803;1;1;1;1;1;1;1;1;1;1;1;1;1;1;1;1;1;1;1;1;1;1;1;1;1;1;1;1;1;1;1;1;4;4;4;3;1;1;1;1;1;4;1;1;1;1;1;1;1;1;1;1;1;2,1;1,5
551;7804;2;2;3;3;1;3;3;2;3;3;1;2;2;1;1;1;1;1;2;2;1;1;1;1;2;1;1;2;1;1;1;4;4;1;4;3;4;3;1;4;1;2;2;2;2;2;2;2,5;1,5;1;2;1,25;1;2,9;2
552;7805;1;1;1;1;1;1;1;1;1;3;1;1;1;2;1;2;3;1;2;1;1;1;1;1;1;1;1;1;1;1;1;4;4;4;4;3;4;2;3;3;3;4;2;2;3;4;3;1,2;1,25;1,75;1,5;1;1;3,4;3
553;7806;1;1;1;1;1;1;1;1;1;1;1;1;1;1;1;2;3;2;1;1;1;1;1;1;1;1;1;1;1;1;1;4;4;4;4;3;1;3;1;3;2;4;2;4;2;1;1;1;1;2;1;1;1;2,9;2,33
554;7807;1;1;1;1;1;1;1;1;1;1;1;1;1;1;1;1;1;1;1;1;1;1;1;1;1;1;1;1;1;1;1;4;4;2;4;3;4;3;3;4;4;4;1;2;2;1;2;1;1;1;1;1;1;3,5;2
555;7808;1;1;1;1;1;1;1;1;1;1;1;1;1;1;1;1;1;1;1;1;1;1;1;1;1;1;1;1;1;1;1;4;4;4;4;1;1;1;1;1;4;1;1;2;1;1;1;1;1;1;1;1;1;2,5;1,17
556;7809;1;1;3;1;1;1;1;1;1;1;1;1;1;1;1;1;2;2;1;1;1;1;1;1;1;1;1;1;1;1;1;4;4;4;4;4;4;1;1;1;4;4;1;2;4;4;1;1,2;1;1,5;1;1;1;3,1;2,67
557;7871;3;2;3;3;4;4;4;3;3;4;1;1;1;1;1;1;1;1;3;3;1;1;1;1;1;1;1;1;1;1;1;4;4;3;4;3;3;3;3;3;1;4;3;3;1;3;1;3,3;1;1;3;1;1;3,1;2,5
558;7872;1;1;1;1;1;1;1;1;1;1;1;1;1;1;1;1;1;1;1;1;1;1;1;1;1;1;1;1;1;1;1;4;4;4;4;4;4;3;3;3;4;4;3;2;3;4;3;1;1;1;1;1;1;3,7;3,17
559;7900;3;3;4;2;3;3;3;3;3;3;1;2;2;1;2;2;2;1;2;2;1;1;1;1;1;1;1;1;1;1;1;4;4;4;4;4;4;3;2;3;2;4;2;2;5;3;3;3;1,5;1,75;2;1;1;3,4;3,17
560;7901;1;1;1;1;1;1;1;1;1;1;1;2;1;1;1;1;1;1;1;2;1;1;1;1;1;1;1;1;1;1;1;4;4;4;4;3;1;1;1;3;3;1;1;2;4;2;4;1;1,25;1;1,5;1;1;2,8;2,33
561;7902;1;1;1;1;1;1;1;1;1;1;1;1;2;1;1;1;1;1;1;1;1;1;1;1;1;1;1;1;1;1;1;4;4;2;4;3;4;2;3;3;1;1;2;2;4;4;2;1;1,25;1;1;1;1;3;2,5
562;7903;1;1;1;1;1;1;1;1;1;1;1;1;1;1;1;1;2;1;1;1;1;1;1;1;1;1;1;1;1;1;1;1;4;4;4;2;1;2;1;3;1;1;1;1;1;1;1;1;1;1,25;1;1;1;2,3;1
563;7904;3;3;3;1;3;3;1;2;1;1;1;2;2;1;1;1;2;1;1;2;1;1;1;1;1;1;1;1;1;1;1;4;4;4;4;4;4;3;3;1;2;1;3;1;5;3;4;2,1;1,5;1,25;1,5;1;1;3,3;2,83
564;7905;3;3;3;3;3;3;3;3;3;3;1;1;3;1;1;2;3;1;2;2;1;1;1;1;1;1;1;1;1;1;1;4;4;4;4;2;3;3;3;3;2;4;1;2;3;3;3;3;1,5;1,75;2;1;1;3,2;2,67
565;7906;1;1;1;1;1;1;1;1;1;2;1;1;1;1;1;1;1;1;1;1;1;1;1;1;1;1;1;1;1;1;1;1;1;1;1;1;1;1;1;1;1;1;1;1;1;1;1;1,1;1;1;1;1;1;1;1
566;7907;1;1;1;1;1;1;1;1;1;3;1;1;1;1;1;1;1;1;1;1;1;1;1;1;1;1;1;1;1;1;1;4;4;4;4;4;4;4;4;4;4;4;2;2;1;1;1;1,2;1;1;1;1;1;4;1,83
567;7908;1;1;1;1;1;1;1;1;1;1;1;1;1;1;1;1;1;1;1;1;1;1;1;1;1;1;1;1;1;1;1;4;4;4;4;3;4;1;1;3;1;4;1;1;2;4;1;1;1;1;1;1;1;2,9;2,17
568;7971;1;1;1;1;1;1;1;1;1;1;1;1;1;1;1;1;1;1;1;1;1;1;1;1;1;1;1;1;1;1;1;1;1;1;4;1;1;1;1;1;1;4;1;2;1;1;1;1;1;1;1;1;1;1,3;1,67
569;7972;1;1;1;1;1;1;1;1;1;3;1;1;1;1;1;2;1;2;3;1;1;1;1;1;3;1;1;1;1;1;1;4;4;4;4;4;4;2;4;3;3;4;4;2;3;3;3;1,2;1;1,5;2;1,25;1;3,6;3,17
570;8000;1;1;3;1;1;2;1;1;1;1;1;1;1;1;1;1;2;1;1;1;1;1;1;1;1;1;1;1;1;1;1;4;4;4;4;3;4;1;1;3;3;4;1;3;1;5;1;1,3;1;1,25;1;1;1;3,1;2,5
571;8001;4;4;5;5;4;5;4;4;4;4;2;1;1;1;2;3;3;2;2;2;3;2;1;3;2;1;2;1;2;1;1;4;4;4;4;2;1;2;2;3;2;4;2;2;5;3;2;4,3;1,25;2,5;2;1,88;1,33;2,8;3
572;8007;1;2;2;1;2;2;1;1;1;1;1;1;1;1;1;2;1;1;1;1;1;1;1;1;1;1;1;1;1;1;1;4;4;4;4;1;4;1;1;3;1;2;1;1;4;1;1;1,4;1;1,25;1;1;1;2,7;1,67
573;8008;1;1;1;1;1;1;1;1;1;1;1;1;1;1;1;2;1;1;1;1;1;1;1;1;1;1;1;1;1;1;1;4;4;1;4;1;1;1;1;1;3;4;1;3;1;2;1;1;1;1,25;1;1;1;2,1;2
574;8010;3;3;1;3;3;3;3;3;3;3;1;1;1;1;1;2;1;1;1;2;1;1;1;1;1;1;1;1;1;1;1;4;4;3;4;2;1;1;1;1;1;4;3;1;3;3;1;2,8;1;1,25;1,5;1;1;2,2;2,5
575;8011;1;1;1;1;1;1;1;1;1;1;1;1;1;1;1;1;1;1;1;1;1;1;1;1;1;1;1;1;1;1;1;1;1;1;1;1;1;1;1;1;1;1;1;1;1;1;1;1;1;1;1;1;1;1;1
576;8012;3;3;3;3;3;3;3;3;3;1;1;1;1;1;1;1;2;1;1;1;1;1;1;1;1;1;1;1;1;1;1;4;4;4;4;2;2;1;1;1;2;4;2;2;3;2;4;2,8;1;1,25;1;1;1;2,5;2,83
577;8013;2;2;3;1;3;3;1;1;1;2;2;2;2;1;1;2;3;1;1;1;1;1;1;1;1;1;1;1;1;1;1;4;4;1;4;4;1;1;1;1;4;1;2;1;1;4;1;1,9;1,75;1,75;1;1;1;2,5;1,67
578;8014;1;1;1;1;1;1;1;1;1;1;1;1;1;1;1;1;1;1;1;1;1;1;1;1;1;1;1;1;1;1;1;4;4;4;4;1;1;3;3;3;3;1;1;1;4;4;1;1;1;1;1;1;1;3;2
579;8015;1;1;1;1;1;1;1;1;1;1;1;1;1;1;1;1;1;1;1;1;1;1;1;1;1;1;1;1;1;1;1;1;1;1;1;1;1;1;1;1;1;1;1;1;1;1;1;1;1;1;1;1;1;1;1
580;8020;1;1;1;1;1;1;1;1;1;1;1;1;1;1;1;1;1;1;1;1;1;1;1;1;1;1;1;1;1;1;1;1;4;4;1;1;1;1;2;1;3;1;1;3;5;1;1;1;1;1;1;1;1;1,9;2
581;8029;1;1;1;1;1;1;1;1;1;1;1;1;1;1;1;1;1;1;1;1;1;1;1;1;1;1;1;1;1;1;1;4;4;1;4;2;1;4;1;1;1;1;1;2;4;1;1;1;1;1;1;1;1;2,3;1,67
582;8035;1;1;1;1;1;1;1;1;1;1;1;1;1;1;1;1;2;1;1;1;1;1;1;1;1;1;1;1;1;1;1;4;4;4;4;4;1;1;2;1;3;1;1;1;1;1;1;1;1;1,25;1;1;1;2,8;1
583;8036;1;1;1;1;1;1;1;1;1;1;1;1;1;1;1;1;1;1;1;1;1;1;1;1;1;1;1;1;1;1;1;1;1;1;1;1;1;1;1;1;1;1;1;1;1;1;1;1;1;1;1;1;1;1;1
584;8072;3;3;4;2;3;3;3;3;3;1;2;2;1;1;1;1;1;1;1;2;1;1;1;1;1;1;1;1;1;1;1;4;4;4;4;3;1;3;2;4;3;1;2;2;5;5;4;2,8;1,5;1;1,5;1;1;3,2;3,17
585;8100;3;3;4;3;3;3;3;3;3;3;1;1;2;1;3;3;3;1;2;1;1;1;1;1;2;1;1;1;1;1;1;4;4;4;4;4;4;4;2;3;4;4;3;2;3;5;4;3,1;1,25;2,5;1,5;1,13;1;3,7;3,5
586;8101;4;4;4;4;4;4;4;4;4;4;3;3;4;2;5;4;4;4;4;2;3;2;3;2;2;2;1;2;2;2;2;4;4;4;4;3;4;4;3;4;3;4;4;4;3;3;3;4;3;4,25;3;2,13;2;3,7;3,5
587;8102;3;3;2;2;3;3;3;2;3;1;1;1;1;1;1;1;3;1;1;1;1;1;1;1;1;1;1;1;1;1;1;2;4;4;4;3;4;1;1;4;3;4;2;2;2;2;1;2,5;1;1,5;1;1;1;3;2,17
588;8103;4;4;4;4;4;4;4;4;4;4;3;3;3;3;4;2;3;3;4;1;3;2;3;2;2;2;2;2;3;3;3;4;4;4;4;3;3;3;3;3;3;4;3;3;3;4;3;4;3;3;2,5;2,25;3;3,4;3,33
589;8104;3;3;3;2;3;3;3;3;3;3;1;1;3;3;1;1;3;1;1;3;1;1;1;1;1;1;1;1;1;1;1;4;4;4;4;3;3;3;3;3;3;4;3;4;3;3;3;2,9;2;1,5;2;1;1;3,4;3,33
590;8105;1;1;4;1;1;1;1;1;1;3;3;3;2;2;2;3;3;2;2;3;2;2;4;1;2;1;1;2;1;1;1;4;4;4;4;4;3;2;1;4;4;4;3;3;2;3;1;1,5;2,5;2,5;2,5;1,88;1;3,4;2,67
591;8171;5;5;5;3;3;3;3;3;3;3;3;5;3;2;5;5;3;4;4;2;2;3;3;3;3;3;3;3;2;2;2;4;4;4;5;5;5;3;3;5;4;3;4;5;5;5;5;3,6;3,25;4,25;3;2,88;2;4,2;4,5
592;8172;3;2;3;2;3;3;2;2;3;3;1;2;1;2;1;2;3;2;2;3;1;1;2;1;1;1;1;2;1;1;1;4;4;4;4;3;4;3;3;3;5;4;3;5;5;4;5;2,6;1,5;2;2,5;1,25;1;3,7;4,33
593;8200;2;2;2;1;3;2;1;1;1;3;1;1;1;2;1;2;3;1;1;1;1;1;1;1;1;1;1;1;1;1;1;5;4;4;4;3;4;2;3;2;4;4;3;2;4;3;3;1,8;1,25;1,75;1;1;1;3,5;3,17
594;8201;3;3;3;3;3;3;3;3;3;3;1;1;2;1;1;1;2;1;1;1;1;1;1;1;1;1;1;1;1;1;1;4;4;4;4;1;4;1;1;3;3;4;1;4;4;3;4;3;1,25;1,25;1;1;1;2,9;3,33
595;8204;2;2;3;3;3;3;3;3;3;3;1;1;1;1;1;2;1;1;1;1;1;1;1;1;1;1;1;1;1;1;1;4;1;1;4;2;2;1;1;1;3;1;2;2;1;3;2;2,8;1;1,25;1;1;1;2;1,83
596;8205;1;1;1;1;1;1;1;1;1;1;1;1;1;1;1;2;1;1;1;3;1;1;1;1;1;1;1;1;1;1;1;4;4;4;4;1;1;1;1;1;1;4;1;2;1;1;1;1;1;1,25;2;1;1;2,2;1,67
597;8206;1;1;1;2;1;1;1;1;1;1;1;1;1;1;1;1;3;1;1;2;1;1;1;1;1;1;1;1;1;1;1;4;4;1;4;3;4;3;2;3;1;4;1;3;3;3;3;1,1;1;1,5;1,5;1;1;2,9;2,83
598;8207;3;1;1;1;1;1;1;1;1;1;1;1;1;1;1;1;1;1;1;1;1;1;1;1;1;1;1;1;1;1;1;4;4;4;4;1;1;1;1;1;1;4;1;4;1;1;1;1,2;1;1;1;1;1;2,2;2
599;8208;1;1;1;1;1;1;1;1;1;1;1;1;1;1;1;2;2;1;1;1;1;1;1;1;1;1;1;1;1;1;1;4;4;4;4;4;4;4;1;4;4;1;1;4;3;4;3;1;1;1,5;1;1;1;3,7;2,67
600;8210;1;1;1;1;1;1;1;1;1;1;1;1;1;1;1;1;1;1;1;1;1;1;1;1;1;1;1;1;1;1;1;4;4;4;4;4;1;1;1;1;1;1;1;1;1;1;1;1;1;1;1;1;1;2,5;1
601;8211;1;1;1;1;1;1;1;1;1;1;1;1;1;1;1;1;1;1;1;1;1;1;1;1;1;1;1;1;1;1;1;1;1;1;4;4;1;1;1;1;1;1;1;1;1;1;1;1;1;1;1;1;1;1,6;1
602;8212;1;1;1;1;1;1;1;1;1;1;1;1;1;1;1;1;1;1;1;1;1;1;1;1;1;1;1;1;1;1;1;4;4;1;1;1;1;1;1;1;1;1;1;1;1;1;1;1;1;1;1;1;1;1,6;1
603;8213;3;1;4;1;1;1;1;1;1;1;1;1;1;1;1;1;1;1;1;1;1;1;1;1;1;1;1;1;1;1;1;1;4;4;3;4;1;1;1;1;1;4;1;4;1;1;1;1,5;1;1;1;1;1;2,1;2
604;8271;1;1;1;1;1;1;1;1;1;3;1;1;1;1;1;1;2;1;2;1;1;1;1;1;1;1;1;1;1;1;1;4;4;4;4;2;1;2;1;4;1;4;1;2;2;3;2;1,2;1;1,25;1,5;1;1;2,7;2,33
605;8300;3;3;4;2;3;3;3;2;3;3;3;2;3;2;3;3;3;2;1;4;1;2;1;1;1;1;1;1;1;1;1;4;4;4;4;3;4;4;3;3;3;4;3;4;5;4;3;2,9;2,5;2,75;2,5;1,13;1;3,6;3,83
606;8301;1;1;1;1;1;1;1;1;1;2;1;1;1;1;1;1;1;1;2;1;1;1;1;1;1;1;1;1;1;1;1;3;3;3;4;2;1;3;3;3;1;4;3;3;2;2;1;1,1;1;1;1,5;1;1;2,6;2,5
607;8302;1;1;1;1;1;1;1;1;1;3;1;1;2;1;1;1;1;1;2;3;1;1;1;1;1;1;1;1;1;1;1;4;4;4;4;3;3;3;3;3;3;3;2;2;3;4;4;1,2;1,25;1;2,5;1;1;3,4;3
608;8303;2;2;2;2;2;2;2;2;2;3;1;1;1;1;1;1;1;1;1;1;1;1;1;1;1;1;1;1;1;1;1;1;1;1;1;1;1;1;1;1;1;4;1;1;1;1;1;2,1;1;1;1;1;1;1;1,5
609;8304;5;5;5;5;5;5;5;5;5;5;4;4;1;2;4;4;3;3;2;3;3;5;4;5;3;5;5;5;2;2;3;4;4;4;4;4;4;4;3;3;4;4;4;4;5;5;4;5;2,75;3,5;2,5;4,38;2,33;3,8;4,33
610;8305;5;5;4;5;5;5;5;5;5;5;1;1;1;2;1;1;1;1;1;4;1;1;1;1;1;1;1;2;1;1;1;4;4;3;4;4;3;2;2;2;4;4;2;4;3;2;2;4,9;1,25;1;2,5;1,13;1;3,2;2,83
611;8306;3;3;3;3;3;3;3;2;3;3;1;1;1;1;1;1;1;1;2;1;2;2;2;1;1;1;1;1;1;1;1;4;4;4;4;3;4;4;1;1;2;4;1;3;4;2;2;2,9;1;1;1,5;1,38;1;3,1;2,67
612;8400;3;3;3;3;3;3;3;3;3;3;2;2;1;2;3;3;3;2;5;1;1;1;1;1;1;1;1;1;1;1;1;4;4;4;4;4;4;3;3;3;4;4;4;3;4;3;4;3;1,75;2,75;3;1;1;3,7;3,67
613;8401;4;5;5;5;5;3;2;3;2;4;3;3;3;1;1;3;3;3;4;3;4;3;3;2;2;1;1;3;1;1;1;4;4;5;5;5;4;3;3;4;5;4;4;4;4;3;4;3,8;2,5;2,5;3,5;2,38;1;4,2;3,83
614;8402;2;2;2;2;1;2;2;2;3;3;1;1;1;1;1;1;1;1;2;1;1;1;1;1;1;1;1;1;1;1;1;4;4;4;4;3;4;3;3;3;3;4;3;3;4;4;4;2,1;1;1;1,5;1;1;3,5;3,67
615;8403;1;2;2;2;2;2;2;2;1;3;1;2;1;1;3;2;3;2;3;3;1;1;2;1;2;1;1;1;1;1;1;4;4;4;4;4;4;3;3;3;4;4;3;4;3;3;4;1,9;1,25;2,5;3;1,25;1;3,7;3,5
616;8404;1;1;1;1;1;1;1;1;1;3;1;1;2;1;1;2;2;2;2;3;1;1;1;1;1;1;1;1;1;1;1;4;4;4;4;3;4;3;3;3;4;4;2;3;4;4;3;1,2;1,25;1,75;2,5;1;1;3,6;3,33
617;8471;2;2;3;2;2;3;2;2;3;2;3;2;2;1;1;3;3;2;4;2;1;2;2;2;2;2;2;2;1;1;1;3;3;4;4;4;4;3;4;3;3;5;3;4;5;5;5;2,3;2;2,25;3;1,88;1;3,5;4,5
618;8500;3;3;3;3;3;3;3;1;3;1;1;1;1;1;1;1;1;1;1;1;1;1;1;1;1;1;1;1;1;1;1;4;4;4;4;4;1;1;1;1;4;1;1;4;5;1;3;2,6;1;1;1;1;1;2,8;2,5
619;8600;1;1;1;1;1;1;1;1;1;1;1;1;1;1;1;1;1;1;1;1;1;1;1;1;1;1;1;1;1;1;1;4;4;1;1;4;1;1;1;1;1;1;1;1;1;1;1;1;1;1;1;1;1;1,9;1
620;8700;1;1;1;1;1;1;1;1;1;1;1;1;1;1;1;1;1;1;1;1;1;1;1;1;1;1;1;1;1;1;1;1;1;1;1;1;1;1;1;1;1;1;1;1;1;1;1;1;1;1;1;1;1;1;1
621;8800;1;1;1;1;1;1;1;1;1;1;1;1;2;1;1;2;1;1;1;1;1;1;1;1;1;1;1;1;1;1;1;4;4;4;4;3;1;1;1;1;3;1;1;1;5;5;2;1;1,25;1,25;1;1;1;2,6;2,5
;;;;;;;;;;;;;;;;;;;;;;;;;;;;;;;;;;;;;;;;;;;;;;;;;1;1;1;1;1;1;0,5;0
