No.,Kode,I01_D1.1_A1,I02_D1.1_A1,I03_D1.1_A1,I04_D1.1_A1,I05_D1.1_A1,I06_D1.1_A1,I07_D1.1_A1,I08_D1.1_A1,I09_D1.1_A1,I10_D1.1_A1,I11_D2.1_A2,I12_D2.1_A2,I13_D2.1_A2,I14_D2.1_A2,I15_D2.2_A3,I16_D2.2_A3,I17_D2.2_A3,I18_D2.2_A3,I19_D2.3_A4,I20_D2.3_A4,I21_D3.1_A5,I22_D3.1_A5,I23_D3.1_A5,I24_D3.1_A5,I25_D3.1_A5,I26_D3.1_A5,I27_D3.1_A5,I28_D3.1_A5,I29_D3.2_A6,I30_D3.2_A6,I31_D3.2_A6,I32_D4.1_A7,I33_D4.1_A7,I34_D4.1_A7,I35_D4.1_A7,I36_D4.1_A7,I37_D4.1_A7,I38_D4.1_A7,I39_D4.1_A7,I40_D4.1_A7,I41_D4.1_A7,I42_D4.2_A8,I43_D4.2_A8,I44_D4.2_A8,I45_D4.2_A8,I46_D4.2_A8,I47_D4.2_A8,Domain 1,Domain 2,Domain 3,Domain 4,Indeks
1,1010,3,3,5,3,3,3,3,5,3,3,1,1,3,3,3,3,3,3,4,3,1,1,1,1,3,1,1,1,1,1,1,4,4,4,4,4,4,4,4,4,4,4,4,4,2,2,4,3.4,2.7,1.18,3.74,3.01
2,1020,5,5,4,3,3,3,3,1,3,3,2,3,4,4,3,4,4,3,4,3,3,2,2,3,3,3,3,3,3,3,4,4,5,5,4,4,4,4,4,4,4,4,4,4,5,5,5,3.3,3.4,2.91,4.32,3.72
3,1030,3,3,4,3,3,3,3,3,3,3,2,3,2,2,1,4,3,2,2,2,3,1,2,2,2,1,1,2,3,3,2,4,4,4,4,4,4,4,3,4,4,4,4,4,5,5,3,3.1,2.3,2,4.01,3.13
4,1040,3,3,4,3,3,3,3,3,3,3,4,3,3,3,3,4,3,2,3,3,3,2,3,3,3,2,2,3,3,3,3,4,4,4,4,4,4,4,3,3,3,4,4,4,3,3,4,3.1,3.1,2.73,3.69,3.31
5,2000,5,5,5,4,5,5,5,5,5,5,4,4,4,4,5,5,5,3,4,4,3,3,4,3,4,3,4,4,3,3,3,4,4,4,4,4,4,4,3,4,5,4,4,4,5,5,4,4.9,4.2,3.36,4.13,4.12
6,2010,4,4,5,4,4,3,4,3,3,5,3,3,3,3,3,4,3,3,4,4,4,4,2,3,3,2,2,3,3,3,2,4,4,4,4,4,4,4,3,4,3,4,2,4,5,4,3,3.9,3.3,2.82,3.75,3.5
7,2040,5,5,5,5,5,5,5,5,5,5,4,4,5,3,4,4,4,4,5,4,5,4,4,4,4,4,4,4,3,3,3,4,5,5,5,5,5,5,4,3,5,4,5,4,5,5,5,5,4.1,3.82,4.63,4.41
8,2050,3,3,3,3,3,3,3,3,3,3,3,2,2,2,3,3,3,2,2,2,3,3,3,3,3,3,2,3,2,2,3,5,5,4,4,4,4,4,3,5,4,4,5,5,5,5,3,3,2.4,2.73,4.32,3.41
9,2060,4,4,4,4,4,4,4,4,4,5,3,3,4,3,4,4,4,4,4,4,4,4,4,4,4,4,4,4,3,3,4,4,4,4,4,4,4,4,3,5,4,5,4,4,5,5,3,4.1,3.7,3.82,4.13,3.97
10,2100,5,5,5,5,5,5,5,5,5,5,2,2,3,2,3,3,3,3,5,1,1,4,2,1,1,2,3,3,3,3,2,4,4,4,4,3,4,4,3,4,3,4,4,5,3,3,2,5,2.7,2.27,3.62,3.35
11,2120,5,5,5,5,2,2,2,3,3,5,3,3,5,5,5,3,3,3,4,4,4,4,3,3,3,2,3,3,3,3,3,4,4,4,5,4,4,4,5,4,5,4,4,4,5,4,4,3.7,3.8,3.09,4.25,3.87
12,3001,4,4,4,4,4,4,4,4,4,5,4,4,4,3,3,3,3,4,2,4,2,3,3,3,2,1,2,1,2,2,4,4,4,4,4,5,3,5,3,4,5,4,4,2,5,5,5,4.1,3.4,2.27,4.13,3.64
13,3002,1,2,3,5,1,1,1,1,1,4,4,2,5,3,5,5,5,1,5,4,1,1,1,1,2,2,1,1,1,1,1,4,3,5,4,5,3,3,3,3,4,4,3,5,5,5,5,2,3.9,1.18,4.02,3.26
14,3003,3,3,4,3,3,3,3,3,3,3,3,3,2,3,4,3,4,2,5,5,3,4,3,3,3,3,3,4,3,3,3,4,4,4,5,3,3,4,2,3,4,4,4,4,4,3,3,3.1,3.4,3.18,3.63,3.43
15,3004,2,5,3,5,5,2,5,5,3,3,3,3,5,3,5,5,5,2,3,5,2,2,2,3,3,3,2,5,3,3,3,5,5,5,5,5,5,5,5,5,5,5,5,5,5,5,5,3.8,3.9,2.82,5,4.21
16,3005,5,5,5,4,5,5,5,5,5,5,4,4,5,5,4,5,5,5,5,5,5,5,5,5,5,5,2,5,3,3,3,4,5,5,5,5,5,5,5,5,5,5,5,2,5,5,5,4.9,4.7,4.18,4.74,4.66
17,3006,2,5,2,3,3,4,4,2,5,4,4,3,2,3,4,5,5,2,4,5,3,2,2,1,2,1,2,4,3,3,3,5,5,4,5,5,5,4,4,5,5,5,5,2,5,5,5,3.4,3.7,2.36,4.62,3.86
18,3008,4,4,4,5,5,5,5,5,5,5,4,2,4,5,3,4,4,2,3,4,1,1,1,1,1,1,1,1,3,3,1,4,4,4,4,4,5,4,5,5,4,4,4,2,5,4,2,4.7,3.5,1.36,3.98,3.52
19,3009,4,4,5,4,5,4,3,5,3,5,4,4,4,3,4,4,4,3,4,3,3,3,2,2,2,2,1,3,3,3,4,4,4,4,5,4,4,4,4,4,4,4,3,2,5,4,5,4.2,3.7,2.55,3.99,3.71
20,3010,3,3,3,3,3,3,3,3,4,5,1,2,5,5,5,4,5,4,5,3,3,3,2,2,3,2,2,2,3,3,3,4,4,5,4,4,4,5,4,5,5,5,4,5,5,5,5,3.3,3.9,2.55,4.57,3.9
21,3011,3,2,2,3,3,3,1,3,3,3,4,4,3,4,3,4,4,4,4,3,2,4,3,3,2,1,3,3,2,2,4,4,4,4,4,4,4,4,3,3,4,3,3,2,4,3,4,2.6,3.7,2.64,3.55,3.31
22,3012,3,3,4,5,4,5,3,2,2,3,2,3,2,4,3,4,4,5,5,1,2,3,2,2,2,2,2,2,3,3,2,4,5,5,4,5,5,3,3,3,2,5,5,5,4,5,5,3.4,3.3,2.27,4.27,3.58
23,3013,2,2,2,2,2,2,3,2,3,3,2,2,4,4,3,3,2,3,5,4,1,1,3,1,1,1,1,3,3,1,1,4,4,4,3,4,4,3,4,4,5,4,4,5,5,5,5,2.3,3.2,1.55,4.2,3.27
24,3014,4,2,3,3,1,1,1,1,3,3,1,1,5,3,4,4,3,4,2,1,1,2,2,1,2,1,1,3,2,1,3,4,4,4,4,5,4,3,3,3,3,4,3,5,5,5,3,2.2,2.8,1.73,3.88,3.04
25,3015,3,3,4,3,3,3,3,2,3,3,3,2,3,5,1,3,3,3,5,4,2,3,2,3,4,2,2,2,3,3,1,4,4,4,4,4,4,4,5,4,5,5,5,4,5,5,5,3,3.2,2.45,4.45,3.62
26,3016,2,3,3,2,3,4,4,2,3,4,3,3,3,1,3,4,4,5,2,3,2,2,2,2,2,3,2,4,2,2,1,5,4,4,4,5,5,4,3,5,4,4,5,5,5,5,5,3,3.1,2.18,4.51,3.58
27,3018,5,5,5,5,5,5,5,5,5,5,4,3,4,5,5,5,5,5,2,4,5,5,2,2,3,3,3,4,3,3,3,5,5,5,5,5,5,5,5,5,5,5,5,5,5,5,5,5,4.2,3.27,5,4.52
28,3019,5,5,5,5,5,5,5,5,5,5,4,4,5,4,4,4,5,5,4,5,3,3,3,3,3,3,3,4,3,3,4,4,4,4,4,4,4,3,4,4,4,4,4,4,5,5,5,5,4.4,3.18,4.14,4.16
29,3020,3,3,3,3,3,3,3,3,3,3,1,1,2,3,1,3,2,1,2,3,1,2,1,1,2,1,1,2,1,1,2,4,4,4,4,4,4,4,3,4,3,4,4,4,4,5,4,3,1.9,1.36,3.95,2.89
30,3021,4,4,5,5,5,5,5,4,4,4,3,3,5,3,5,4,3,4,2,3,1,1,1,1,1,1,1,1,3,2,1,4,4,4,4,5,5,5,4,5,5,5,5,5,5,5,5,4.5,3.5,1.27,4.7,3.81
31,3022,5,5,5,5,5,5,5,5,5,3,4,5,5,5,3,5,5,4,5,5,5,3,5,5,5,5,5,5,4,4,3,4,5,5,5,5,5,4,3,5,5,5,5,5,5,5,5,4.8,4.6,4.45,4.76,4.67
32,4001,3,3,3,3,3,3,3,2,3,5,3,3,4,2,4,3,4,3,5,3,2,2,2,2,3,2,1,3,2,2,2,4,4,4,5,5,4,4,4,4,5,5,2,4,3,3,3,3.1,3.4,2.09,3.92,3.38
33,4002,5,5,4,4,4,3,3,3,4,5,4,3,4,2,1,5,4,3,3,3,2,4,2,2,2,4,2,2,2,2,4,4,4,4,4,4,3,3,3,4,3,4,5,5,4,3,3,4,3.2,2.55,3.76,3.45
34,4003,4,4,4,5,3,3,4,5,4,5,4,4,3,4,4,5,4,4,5,4,4,4,4,3,3,3,3,3,4,3,3,4,4,4,4,4,5,5,4,4,4,5,4,4,1,4,4,4.1,4.1,3.36,3.99,3.93
35,4004,3,3,3,3,3,3,3,3,3,3,3,3,2,2,1,4,3,2,2,3,2,2,1,2,2,1,2,3,1,1,1,4,4,4,4,4,4,3,3,3,4,4,4,4,3,3,3,3,2.5,1.64,3.62,2.93
36,4006,3,3,3,4,5,5,5,3,3,4,3,3,3,3,4,4,4,4,4,3,3,3,3,2,3,2,2,3,3,3,4,4,4,4,4,4,4,4,4,2,4,4,4,5,4,3,3,3.8,3.5,2.82,3.81,3.57
37,4007,2,2,3,3,3,3,3,2,2,2,1,2,2,2,3,3,3,3,2,3,2,2,2,2,3,3,2,3,2,2,1,4,5,5,5,5,4,5,3,4,4,3,3,2,5,5,5,2.5,2.4,2.18,4.18,3.19
38,4008,5,5,3,3,3,3,3,3,3,3,4,3,4,2,4,3,3,3,4,3,4,4,2,3,3,4,4,3,1,1,3,4,4,3,4,4,4,4,4,4,4,4,4,4,5,5,5,3.4,3.3,2.91,4.14,3.63
39,4009,3,5,3,3,3,4,4,4,4,2,3,3,4,2,1,3,3,2,4,3,3,2,2,3,3,2,1,2,3,3,2,4,4,4,4,4,4,3,3,3,3,3,2,5,2,2,3,3.5,2.8,2.36,3.3,3.05
40,4010,3,3,5,5,5,5,5,5,5,5,3,3,5,5,5,3,5,3,3,1,3,5,3,3,4,4,1,3,3,3,4,4,4,4,5,5,4,5,3,4,4,4,3,5,5,3,5,4.6,3.6,3.27,4.19,3.94
41,4011,4,3,4,4,4,4,4,4,4,3,3,4,2,3,5,5,4,4,3,3,2,4,4,3,2,3,2,2,2,2,4,4,4,4,4,5,4,4,4,3,4,4,3,2,5,5,5,3.8,3.6,2.73,4,3.66
42,4012,5,5,5,5,5,5,4,5,5,5,3,3,3,5,4,5,3,3,4,5,4,4,5,3,4,4,3,3,3,3,5,4,4,4,5,4,4,4,3,5,5,5,5,5,5,5,5,4.9,3.8,3.73,4.52,4.26
43,4016,3,5,5,5,5,5,3,3,3,5,3,3,3,5,3,5,5,5,5,5,4,3,3,2,2,4,4,4,2,2,3,5,5,5,4,5,4,4,4,4,5,3,5,5,5,5,5,4.2,4.2,3,4.57,4.17
44,4017,4,4,3,5,5,5,4,4,4,4,2,3,3,1,5,4,4,5,4,5,5,5,1,4,2,1,5,5,3,3,3,4,4,5,5,5,4,3,4,5,5,5,5,5,5,5,5,4.2,3.6,3.36,4.64,4.11
45,4018,4,3,4,2,2,3,3,3,4,5,4,2,3,3,4,3,3,2,2,2,1,1,1,1,1,1,1,1,3,3,4,4,4,4,4,4,5,4,2,4,4,4,3,4,4,4,4,3.3,2.8,1.64,3.87,3.16
46,4019,3,3,3,2,3,3,2,3,2,2,3,3,3,3,3,2,2,2,3,3,2,2,2,2,2,2,2,2,2,1,2,5,5,5,5,5,4,5,3,5,5,4,4,5,2,2,5,2.6,2.7,1.91,4.29,3.28
47,4020,5,3,4,1,3,3,3,2,3,3,3,2,3,2,3,5,3,3,5,2,1,1,1,1,1,1,1,1,2,2,2,4,4,4,4,3,4,3,3,3,5,4,4,4,5,5,5,3,3.1,1.27,4.02,3.2
48,4021,2,2,4,3,3,1,1,1,1,3,2,2,1,3,3,3,1,3,2,3,1,2,1,1,1,1,1,1,1,1,1,4,4,4,4,4,3,4,3,3,4,3,4,4,5,5,5,2.1,2.3,1.09,3.95,2.83
49,4023,4,4,3,3,3,3,3,3,3,4,4,4,5,5,5,5,4,3,3,3,5,5,2,3,3,4,2,4,3,3,3,5,5,5,5,5,5,5,5,5,5,5,2,4,5,4,5,3.3,4.1,3.36,4.67,4.13
50,4024,4,4,4,4,4,4,4,4,5,5,3,3,4,5,3,3,3,3,5,4,4,5,4,4,3,3,3,3,3,3,3,4,4,4,4,5,5,4,3,4,4,5,3,4,5,5,5,4.2,3.6,3.45,4.26,3.95
51,4025,5,5,5,5,3,3,3,5,5,5,3,3,4,4,1,2,2,2,2,5,2,5,2,2,2,2,2,4,3,3,2,4,4,4,4,4,4,4,3,3,3,4,5,5,4,5,5,4.4,2.8,2.64,4.08,3.56
52,4027,3,3,3,3,3,3,3,3,3,3,3,3,3,3,3,5,3,3,2,3,3,3,3,2,2,2,2,4,2,2,3,4,4,4,4,4,4,4,3,4,4,4,3,2,5,5,5,3,3.1,2.55,3.94,3.38
53,4028,5,5,4,3,5,3,3,2,2,5,3,3,5,2,5,5,4,4,3,4,1,2,1,2,1,1,2,3,2,2,2,4,3,3,4,4,4,2,2,3,3,2,1,4,5,5,5,3.7,3.8,1.73,3.38,3.26
54,4031,2,4,5,5,4,4,4,5,3,4,3,3,5,3,1,5,4,3,5,5,3,5,2,3,2,2,3,2,3,3,3,5,4,4,5,5,4,5,5,5,4,5,5,5,5,5,5,4,3.7,2.82,4.76,4.08
55,4032,3,3,4,4,3,3,3,3,3,2,1,5,3,4,5,4,3,3,1,1,4,4,5,4,4,4,4,4,1,3,2,4,4,4,3,4,4,3,2,2,2,4,4,2,5,2,1,3.1,3,3.55,3.12,3.16
56,4035,3,3,4,3,3,3,3,2,3,5,3,2,2,3,4,4,4,2,2,2,3,3,2,3,2,3,3,4,3,3,3,3,4,4,4,4,4,3,3,4,3,4,2,4,5,5,5,3.2,2.8,2.91,3.82,3.34
57,4036,3,3,3,3,3,3,3,3,3,3,2,2,5,2,3,4,4,1,3,3,3,3,2,2,3,1,1,1,3,3,3,4,4,4,4,4,4,4,1,3,4,4,1,4,3,3,3,3,2.9,2.27,3.36,3.02
58,4040,3,3,3,3,3,3,3,3,3,3,1,2,1,4,1,3,3,2,1,1,3,1,1,1,2,1,1,1,1,1,1,3,4,3,4,3,3,3,2,4,3,3,2,4,3,2,3,3,1.9,1.27,3.05,2.47
59,4041,3,3,3,3,3,3,3,3,3,3,1,2,4,3,4,3,2,2,1,5,3,3,2,2,2,3,2,2,3,3,5,4,5,5,4,5,5,3,5,5,5,5,5,4,5,5,4,3,2.7,2.73,4.63,3.62
60,4043,2,2,4,3,3,3,1,2,2,3,1,2,1,3,4,2,1,2,2,1,1,2,3,1,2,2,1,1,1,1,1,4,4,4,4,4,4,4,3,3,3,4,4,2,5,3,3,2.5,1.9,1.45,3.62,2.69
61,4044,3,3,3,3,4,3,3,4,3,5,2,1,4,1,1,2,2,2,2,1,2,3,2,1,1,2,2,1,1,1,1,4,4,4,4,4,4,4,3,3,3,4,4,4,4,4,2,3.4,1.8,1.55,3.69,2.82
62,4046,4,4,4,5,4,4,2,4,4,4,5,3,5,4,3,4,3,1,3,3,4,3,3,3,4,3,2,3,3,3,2,4,4,4,4,3,4,3,2,2,3,4,3,3,3,4,3,3.9,3.4,3,3.31,3.36
63,4047,5,5,5,5,5,4,5,5,5,3,3,3,5,5,4,3,3,4,3,1,2,5,4,5,5,5,4,4,2,2,4,4,4,4,5,5,5,5,5,5,5,4,1,4,5,5,5,4.7,3.4,3.82,4.42,4.1
64,4049,3,3,3,4,1,3,3,4,3,3,2,2,3,3,3,3,3,2,4,4,3,4,2,3,3,1,2,3,1,2,2,4,5,5,4,4,4,3,2,3,4,3,2,5,4,4,4,3,2.9,2.36,3.75,3.21
65,4050,3,2,1,1,1,1,1,4,2,3,1,2,3,1,3,2,1,3,2,1,1,1,1,1,1,1,1,1,1,1,1,4,3,4,4,3,4,4,2,3,3,4,1,2,2,2,3,1.9,1.9,1,2.98,2.24
66,4052,2,3,3,3,2,3,3,3,5,4,2,2,5,2,2,3,3,3,2,3,1,3,3,2,2,1,1,2,3,3,3,4,4,4,4,3,4,4,3,4,3,4,3,5,4,4,4,3.1,2.7,2.18,3.82,3.18
67,4053,5,5,5,5,5,2,2,3,3,5,1,2,3,3,3,3,3,3,5,4,2,3,1,1,1,1,1,1,1,1,1,5,4,4,4,4,4,4,3,5,3,4,4,5,5,5,5,4,3,1.27,4.26,3.42
68,4054,4,4,4,5,4,4,4,4,4,3,2,2,3,2,3,5,4,3,2,3,1,2,2,4,2,2,2,2,2,2,2,1,4,4,5,5,5,4,2,4,5,4,4,4,5,5,5,4,2.9,2.09,4.14,3.47
69,4055,5,5,5,5,5,5,5,5,5,5,3,5,5,3,3,4,4,4,5,4,3,3,3,3,4,3,2,3,3,3,2,5,5,5,5,5,4,4,4,5,4,4,4,5,5,5,5,5,4,2.91,4.63,4.24
70,4056,3,5,4,5,5,5,5,5,5,5,4,3,4,3,4,5,4,3,3,3,3,3,3,3,3,3,2,3,3,3,3,4,4,4,5,4,4,4,4,4,4,5,2,5,4,3,2,4.7,3.6,2.91,3.86,3.75
71,4057,3,3,3,2,3,3,2,3,3,1,3,1,2,1,1,1,3,1,1,1,1,2,1,3,2,2,1,1,1,1,1,4,4,5,4,4,4,5,4,3,3,4,2,2,2,2,2,2.6,1.5,1.45,3.34,2.47
72,4058,5,5,5,5,5,5,5,5,5,5,3,4,3,5,1,2,3,3,3,4,3,4,1,3,1,4,1,1,2,2,4,4,4,4,4,4,4,3,3,3,3,3,3,3,2,4,2,5,3.1,2.36,3.3,3.32
73,4059,4,4,4,4,4,3,4,4,4,4,2,2,1,2,1,3,3,1,2,4,1,1,1,1,1,1,3,1,1,1,1,4,4,4,4,3,4,4,2,3,3,4,1,4,3,4,3,3.9,2.1,1.18,3.37,2.76
74,4060,3,3,2,2,3,3,3,1,3,2,3,2,2,3,1,1,2,2,1,1,1,2,1,1,1,1,1,1,1,1,1,4,4,4,4,4,4,3,3,3,3,4,1,5,1,2,4,2.5,1.8,1.09,3.3,2.46
75,4061,3,2,3,1,2,2,2,3,3,1,1,2,1,1,2,2,2,2,2,3,1,1,1,1,2,1,1,1,2,2,2,4,4,4,4,4,4,3,2,2,2,4,2,4,3,1,1,2.2,1.8,1.36,2.98,2.32
76,4062,4,4,4,4,3,3,3,4,4,4,1,3,3,3,1,3,3,3,4,2,2,2,1,2,2,2,1,2,1,1,1,4,4,3,5,4,4,3,4,2,4,4,2,4,5,5,4,3.7,2.6,1.55,3.82,3.12
77,4100,1,1,1,1,1,1,1,1,1,1,1,1,3,1,4,3,3,3,1,4,2,2,1,5,2,1,1,1,1,1,1,4,4,4,4,4,4,4,4,4,4,4,3,2,3,3,3,1,2.4,1.64,3.6,2.64
78,4105,1,1,1,1,1,1,1,1,1,1,3,3,1,1,1,1,3,1,2,1,1,1,1,1,1,1,1,1,1,1,1,1,1,2,2,2,3,2,1,1,1,2,2,2,1,2,1,1,1.7,1,1.63,1.46
79,4112,3,3,3,3,3,3,2,3,3,3,3,3,3,5,4,2,4,3,3,4,3,2,2,2,3,3,3,2,3,1,1,3,3,3,3,4,4,3,3,3,4,4,4,4,5,5,5,2.9,3.4,2.27,3.77,3.32
80,4212,1,1,2,1,1,1,1,1,1,1,1,1,1,1,1,1,2,3,1,1,1,1,1,1,1,1,1,1,1,1,1,1,1,4,1,2,3,4,3,1,3,1,1,1,1,1,1,1.1,1.3,1,1.79,1.45
81,4215,4,3,5,3,3,3,3,3,3,3,4,3,3,5,5,1,1,2,2,4,1,1,1,1,1,1,1,1,2,2,1,5,5,5,4,4,5,3,2,4,4,4,4,4,3,3,3,3.3,3,1.18,3.86,3.13
82,4310,3,3,3,3,3,3,3,3,3,3,3,3,3,3,3,3,4,3,4,3,2,2,3,3,2,2,2,2,2,2,3,4,4,4,4,4,4,4,3,4,4,4,4,4,5,5,4,3,3.2,2.27,4.07,3.42
83,4317,3,3,3,3,3,3,3,3,3,3,3,3,2,2,1,1,1,1,1,3,1,1,1,1,2,1,1,1,1,1,1,3,3,4,3,1,3,2,2,3,3,3,1,1,3,1,1,3,1.8,1.09,2.29,2.06
84,4331,3,3,3,1,1,1,1,2,3,3,3,3,3,3,1,4,3,2,2,3,2,1,2,1,2,1,1,2,1,1,1,4,4,4,4,4,3,3,3,2,4,4,1,5,3,3,5,2.1,2.7,1.36,3.5,2.77
85,4332,2,2,4,1,3,3,3,3,3,3,3,3,1,2,3,3,3,3,1,1,2,1,2,2,2,2,1,1,1,1,1,4,4,4,4,3,4,4,4,4,3,4,4,4,4,4,4,2.7,2.3,1.45,3.88,2.93
86,4502,3,3,3,3,3,3,3,3,3,3,3,3,3,3,3,3,3,3,3,3,2,2,2,2,2,2,2,2,2,2,3,4,4,4,4,4,4,4,3,4,4,3,3,3,4,4,4,3,3,2.09,3.74,3.19
87,4504,3,3,3,3,3,3,3,3,3,3,1,1,1,1,1,3,1,1,4,1,1,1,1,1,1,1,1,1,1,1,1,4,4,4,4,4,4,4,1,4,3,4,4,3,4,4,4,3,1.5,1,3.69,2.61
88,4602,1,1,1,1,1,1,1,1,1,1,1,1,2,1,1,2,1,2,1,1,1,1,1,1,1,1,1,1,1,1,1,4,4,4,4,4,4,4,1,3,3,4,2,2,3,2,3,1,1.3,1,3.17,2.06
89,4604,5,5,5,5,5,5,5,5,5,5,5,5,4,2,5,5,5,3,5,4,1,3,2,2,2,1,1,1,1,1,2,4,4,4,4,2,4,4,2,4,3,4,1,2,2,3,2,5,4.3,1.55,3.04,3.36
90,4615,3,3,3,3,3,3,3,3,3,3,3,3,2,2,2,4,3,3,2,2,4,3,2,2,2,2,2,3,3,3,3,4,4,4,5,5,4,4,3,4,4,4,2,2,2,3,4,3,2.6,2.64,3.6,3.11
91,4630,3,2,3,1,3,3,3,3,3,3,1,3,1,2,1,2,1,3,3,5,2,2,2,2,2,2,2,2,1,3,2,4,4,5,5,4,4,5,5,3,5,4,4,5,5,4,5,2.7,2.2,2,4.44,3.25
92,4800,3,4,3,2,3,3,3,2,3,3,4,3,3,3,1,3,4,5,5,3,2,3,2,2,2,2,2,2,2,2,2,2,2,5,4,2,4,2,2,2,3,3,2,4,5,4,4,2.9,3.4,2.09,3.14,3
93,5100,5,5,5,5,5,5,5,4,3,5,3,2,4,2,4,5,4,4,4,5,3,3,2,1,3,2,2,2,1,1,1,4,4,4,5,4,4,3,3,3,3,4,5,4,4,4,4,4.7,3.7,1.91,3.88,3.62
94,5101,1,1,1,1,1,1,1,1,1,1,1,1,1,1,1,2,1,1,1,1,1,1,1,1,1,1,1,1,1,1,1,4,4,4,4,3,1,1,2,3,3,4,2,3,4,2,2,1,1.1,1,2.87,1.88
95,5102,1,1,1,1,1,1,1,1,1,2,2,1,1,1,1,2,2,1,1,2,1,1,1,1,1,1,1,1,1,1,1,4,4,4,4,2,4,3,3,3,3,4,2,2,4,1,2,1.1,1.4,1,3.04,2.04
96,5103,1,1,1,1,1,1,1,1,1,1,1,1,1,1,1,1,1,1,1,1,1,1,1,1,1,1,1,1,1,1,1,4,4,4,4,3,1,3,2,1,3,4,2,2,2,1,1,1,1,1,2.54,1.7
97,5104,2,2,3,3,3,3,3,2,1,3,1,1,1,1,1,2,1,1,2,1,1,1,1,1,1,1,1,1,1,1,1,4,4,4,4,2,4,3,1,3,4,4,4,2,4,3,3,2.5,1.2,1,3.31,2.3
98,5105,3,3,1,2,2,2,2,2,2,3,1,1,1,1,1,1,2,1,1,1,1,1,1,1,1,1,1,1,1,1,1,4,4,4,4,2,1,2,1,2,1,3,4,2,3,2,3,2.2,1.1,1,2.63,1.92
99,5106,3,3,4,3,3,3,3,3,3,3,1,1,1,1,1,2,2,2,3,3,1,3,1,1,1,1,1,1,1,1,1,4,4,4,4,3,4,3,3,3,3,4,4,4,5,3,2,3.1,1.7,1.18,3.57,2.65
100,5107,2,2,3,1,2,3,2,3,1,3,1,1,1,1,1,1,3,2,2,1,1,1,1,1,1,1,1,1,1,1,1,4,4,4,4,1,1,2,1,2,1,3,3,2,2,2,2,2.2,1.4,1,2.37,1.88
101,5108,1,1,1,1,1,1,1,1,1,1,1,1,1,1,1,1,1,1,1,1,1,1,1,1,1,1,1,1,1,1,1,4,4,4,4,2,1,3,1,3,1,1,2,4,1,5,2,1,1,1,2.62,1.74
102,5109,1,1,1,1,2,2,2,2,1,3,1,1,1,1,2,2,2,1,1,1,1,1,1,1,1,1,1,1,1,1,1,4,4,4,3,3,3,2,1,1,4,2,2,2,1,4,1,1.6,1.3,1,2.54,1.86
103,5110,1,1,1,1,1,1,1,1,1,1,1,1,1,1,1,1,1,1,1,2,1,1,1,1,2,1,1,1,1,1,1,4,4,4,4,3,4,2,3,3,3,4,3,2,3,4,4,1,1.1,1.09,3.37,2.12
104,5111,1,1,1,3,2,2,3,1,1,3,1,1,1,1,1,2,1,1,1,1,1,1,1,1,1,1,1,1,1,1,1,4,4,4,4,3,1,1,2,3,3,4,3,2,2,2,3,1.8,1.1,1,2.81,1.95
105,5112,3,3,3,3,3,3,3,2,3,3,3,2,1,1,1,1,2,1,2,1,1,1,2,1,1,1,1,1,1,1,1,4,4,4,4,4,3,3,4,4,4,4,3,3,4,3,4,2.9,1.5,1.09,3.68,2.61
106,5113,3,3,3,3,3,3,3,3,3,3,1,1,1,1,1,1,2,1,1,1,1,1,2,1,1,1,1,1,1,1,1,4,4,4,4,4,1,3,4,4,4,4,2,4,4,4,3,3,1.1,1.09,3.56,2.47
107,5114,2,2,3,3,1,3,3,3,3,3,1,2,1,1,3,1,3,2,2,3,2,2,2,2,2,2,2,2,2,2,1,4,4,4,4,4,3,3,3,3,4,4,4,4,4,4,3,2.6,1.9,1.91,3.69,2.81
108,5115,3,3,4,3,2,3,3,2,3,2,1,3,1,1,1,2,2,2,2,2,1,2,3,2,2,1,1,1,1,1,1,4,3,3,4,4,4,3,2,3,4,4,4,4,4,3,3,2.8,1.7,1.45,3.51,2.62
109,5116,3,3,4,1,3,3,3,2,3,3,1,1,1,1,1,1,1,2,2,2,1,1,1,1,1,1,1,1,1,1,1,4,4,3,4,4,4,1,4,3,4,4,2,4,3,4,3,2.8,1.3,1,3.43,2.42
110,5117,3,2,3,2,3,3,3,2,3,3,2,2,2,2,1,1,3,1,1,2,1,3,2,2,1,1,1,1,2,1,1,4,4,3,4,4,4,3,3,3,3,4,3,2,4,4,4,2.7,1.7,1.45,3.5,2.61
111,5118,3,1,3,3,3,3,3,3,1,1,1,1,1,1,2,1,2,2,1,1,1,1,1,1,1,1,1,1,1,1,1,4,4,4,4,4,4,3,2,4,4,4,4,4,5,5,5,2.4,1.3,1,4.02,2.63
112,5171,3,3,3,3,3,3,3,3,3,3,1,1,1,1,1,1,1,1,1,2,1,1,1,1,1,1,1,1,1,1,1,4,4,4,4,4,4,3,4,4,4,4,2,2,3,3,4,3,1.1,1,3.54,2.44
113,5172,5,5,5,5,5,5,5,5,5,5,4,4,2,2,3,3,5,2,2,3,3,2,3,3,2,1,2,3,1,1,2,4,4,4,4,4,5,5,2,3,4,4,4,4,4,4,4,5,3,2.09,3.94,3.54
114,5173,1,1,1,1,2,3,1,2,1,3,1,2,1,1,1,1,1,1,1,1,1,1,1,1,1,1,1,1,1,1,1,4,4,4,4,2,2,3,2,1,3,4,1,2,1,3,2,1.6,1.1,1,2.61,1.84
115,5174,1,1,3,1,3,3,1,1,1,1,1,1,2,1,1,3,3,1,1,1,1,1,1,1,1,1,1,1,1,1,1,4,4,4,4,3,4,3,1,3,3,4,3,4,5,2,5,1.6,1.5,1,3.51,2.35
116,5175,3,3,3,3,3,3,3,3,3,3,1,1,1,1,1,1,1,1,2,1,1,1,1,1,1,1,1,1,1,1,1,4,4,1,4,4,1,3,1,4,4,4,4,4,1,1,1,3,1.1,1,2.8,2.11
117,5200,4,4,4,4,4,4,5,5,4,5,3,3,1,2,3,3,3,1,2,3,2,2,3,3,3,3,2,3,2,1,1,4,4,4,4,4,4,3,2,4,4,4,2,4,4,4,4,4.3,2.4,2.27,3.69,3.21
118,5201,4,4,4,4,4,4,4,4,4,4,3,4,3,5,3,4,4,3,4,3,2,3,3,2,2,2,2,3,1,1,2,4,4,3,4,4,4,3,3,4,4,4,3,4,4,4,4,4,3.6,2.09,3.75,3.47
119,5202,3,3,4,3,3,3,3,2,3,3,1,1,1,1,1,2,3,2,2,3,1,1,1,1,1,1,1,1,1,1,1,4,4,4,4,4,3,3,3,4,4,4,1,2,2,5,5,3,1.7,1,3.49,2.57
120,5203,4,4,3,5,5,5,5,5,5,3,3,2,2,1,3,4,3,2,2,2,1,2,1,2,2,1,1,1,1,1,1,4,4,4,4,3,4,3,4,3,3,4,2,4,3,4,5,4.4,2.4,1.27,3.63,3.03
121,5204,2,2,3,2,3,2,1,2,2,2,1,2,1,1,2,2,2,2,1,1,1,1,1,1,1,1,1,2,1,1,1,4,4,3,4,3,1,2,1,1,3,1,2,2,2,3,1,2.1,1.5,1.09,2.3,1.87
122,5205,3,3,3,2,2,1,2,2,2,3,1,1,1,1,1,3,3,2,1,1,1,1,1,1,1,1,1,1,1,1,1,4,4,4,4,3,4,1,1,3,3,4,4,3,3,3,4,2.3,1.5,1,3.26,2.32
123,5206,3,2,3,2,3,2,2,3,3,3,2,3,3,3,3,3,3,3,2,3,3,3,3,3,3,2,3,2,3,3,2,3,3,3,4,3,4,3,3,3,3,4,3,3,3,3,3,2.6,2.8,2.73,3.19,2.94
124,5207,3,3,2,3,3,3,3,2,3,3,1,1,3,1,1,2,3,2,2,1,1,1,1,1,1,1,1,1,1,1,1,4,4,4,3,3,2,4,3,4,3,4,3,4,5,5,5,2.8,1.7,1,3.77,2.67
125,5208,3,3,3,3,3,3,1,3,3,3,2,2,2,3,2,4,2,3,3,3,3,2,2,2,2,2,2,1,1,1,1,4,4,4,4,3,1,3,2,3,3,1,1,3,4,4,5,2.8,2.6,1.73,3.06,2.69
126,5209,5,4,4,5,4,4,4,4,5,4,1,2,2,1,1,1,1,2,2,3,2,1,1,2,1,1,1,1,1,1,1,4,4,4,4,3,1,3,3,4,3,4,4,4,5,2,2,4.3,1.6,1.18,3.38,2.69
127,5210,3,2,3,1,3,3,3,3,1,2,1,1,1,1,1,1,1,1,2,1,2,2,2,1,1,1,1,1,1,1,1,4,3,3,4,1,1,1,1,2,3,4,2,3,3,3,3,2.4,1.1,1.27,2.58,1.97
128,5211,3,3,3,3,3,3,3,3,3,3,1,1,3,3,3,2,1,1,3,1,1,1,1,1,1,1,1,1,1,1,1,4,4,4,4,4,4,3,3,3,3,4,3,3,3,3,4,3,1.9,1,3.49,2.62
129,5212,2,2,4,1,3,3,3,3,1,3,3,2,1,1,1,4,2,1,3,4,1,1,1,1,1,1,1,1,1,1,2,1,1,4,4,4,1,4,1,4,3,4,1,4,1,1,1,2.5,2.2,1.09,2.42,2.16
130,5213,3,3,3,3,3,3,3,3,3,3,3,3,2,2,1,3,2,1,1,1,1,2,1,1,1,1,1,1,1,1,2,4,4,4,4,4,4,3,3,4,4,4,3,4,5,4,4,3,1.9,1.18,3.88,2.83
131,5214,2,3,3,1,2,3,3,2,1,1,1,1,1,1,1,1,1,1,1,3,1,1,1,1,1,1,1,1,1,1,1,4,4,4,4,3,1,2,2,3,1,4,1,2,1,1,1,2.1,1.2,1,2.35,1.81
132,5215,2,2,4,2,1,1,1,3,3,3,1,1,1,1,1,3,3,1,1,3,1,1,1,1,1,1,1,1,1,1,1,4,4,4,4,3,1,4,1,4,3,4,1,4,3,3,4,2.2,1.6,1,3.19,2.3
133,5216,1,1,1,1,1,1,2,2,1,2,1,1,1,1,1,4,3,2,2,2,1,1,1,1,1,1,1,1,1,1,1,4,4,4,4,3,3,3,3,3,4,4,2,4,5,5,2,1.3,1.8,1,3.57,2.41
134,5217,3,2,3,2,3,3,2,2,1,4,2,2,2,3,1,2,3,2,3,3,1,1,1,1,1,1,1,1,1,1,1,4,4,4,4,4,3,4,2,4,1,3,2,4,4,5,5,2.5,2.3,1,3.57,2.69
135,5218,3,2,4,2,3,3,3,3,3,3,1,2,1,1,1,3,3,1,2,1,1,1,1,1,1,1,1,1,1,1,1,4,4,5,4,3,4,4,4,3,3,4,2,4,4,3,3,2.9,1.6,1,3.62,2.59
136,5219,2,2,3,3,3,3,2,2,1,1,1,1,1,2,1,1,3,1,1,1,1,1,1,1,1,1,1,1,1,1,1,4,4,4,4,2,4,3,1,4,1,4,1,2,4,1,1,2.2,1.3,1,2.73,2.02
137,5220,1,1,2,1,1,2,1,1,1,3,1,1,1,1,1,1,1,1,1,1,1,1,1,1,1,1,1,1,1,1,1,4,4,4,4,4,1,4,4,1,3,4,1,4,3,3,1,1.4,1,1,3.05,1.98
138,5221,3,2,3,3,3,3,3,3,3,3,1,1,1,3,1,2,1,1,2,2,1,1,1,1,1,1,1,1,1,1,1,4,4,4,4,3,3,3,1,3,3,4,2,2,3,3,4,2.9,1.5,1,3.12,2.34
139,5222,1,1,1,1,1,1,1,1,1,1,1,1,1,1,1,1,1,2,1,1,1,1,1,1,1,1,1,1,1,1,1,4,4,4,4,3,1,1,1,4,3,4,3,4,3,4,1,1,1.1,1,3.01,1.94
140,5223,3,2,3,2,3,3,2,2,1,1,1,2,1,1,1,3,3,3,2,2,1,1,1,1,1,1,1,1,1,1,1,4,4,4,4,4,4,3,4,4,4,4,4,4,4,3,4,2.2,1.9,1,3.87,2.69
141,5224,1,1,1,1,1,1,1,1,1,1,1,1,1,1,1,1,1,1,1,1,1,1,1,1,1,1,1,1,1,1,1,4,4,4,4,3,1,2,2,3,1,3,1,2,4,3,3,1,1,1,2.75,1.8
142,5225,3,3,3,3,3,3,3,2,3,3,1,1,1,1,1,1,1,1,1,1,1,1,1,1,1,1,1,1,1,1,1,1,1,1,4,1,1,1,1,1,1,4,1,4,1,1,1,2.9,1,1,1.58,1.51
143,5271,2,2,3,2,3,3,3,3,2,3,1,1,2,2,3,3,3,3,3,3,1,2,1,1,1,1,1,1,1,1,1,4,4,4,4,4,4,2,4,3,4,4,4,4,3,4,2,2.6,2.4,1.09,3.62,2.77
144,5272,3,1,2,4,3,4,2,3,3,3,3,3,5,4,4,4,2,3,2,3,1,1,1,1,1,1,1,1,1,1,1,4,4,4,4,4,4,3,2,3,3,5,4,5,3,2,4,2.8,3.3,1,3.63,3.01
145,5273,3,3,3,3,3,3,3,3,3,3,3,3,3,2,3,3,3,3,3,3,1,2,1,1,1,1,1,1,1,1,1,4,4,4,3,4,3,3,3,4,4,4,3,4,3,4,5,3,2.9,1.09,3.69,2.98
146,5274,4,4,3,1,3,3,4,4,4,3,3,3,1,1,3,3,3,2,3,3,1,1,1,1,1,1,1,1,1,1,1,4,4,4,4,4,4,3,3,3,3,4,2,4,4,3,4,3.3,2.5,1,3.56,2.84
147,5275,2,2,3,2,3,2,3,3,2,3,1,2,2,1,3,3,3,3,2,3,2,2,2,2,3,2,3,2,1,2,2,4,4,4,4,4,4,3,3,4,4,4,2,4,5,1,1,2.5,2.3,2.09,3.42,2.8
148,5276,3,2,3,3,2,2,2,3,3,3,1,2,2,1,3,2,2,1,1,1,1,1,1,1,1,1,1,1,1,1,1,4,4,4,4,3,1,3,1,3,2,4,2,2,3,4,3,2.6,1.6,1,2.94,2.24
149,5277,3,3,4,3,3,3,3,3,3,3,3,3,2,2,1,2,3,1,2,2,1,1,1,1,1,1,1,1,1,1,1,4,4,4,4,3,4,1,3,3,1,4,2,2,3,3,4,3.1,2.1,1,3.06,2.49
150,5278,3,3,4,3,3,3,3,3,3,3,1,1,1,1,1,2,2,1,3,1,1,1,1,1,2,1,1,1,1,1,1,4,4,4,4,3,1,1,1,2,1,4,1,3,4,3,2,3.1,1.4,1.09,2.63,2.13
151,5300,3,3,4,4,1,3,3,3,3,3,2,3,1,2,2,3,2,4,2,3,1,1,1,1,2,1,1,1,2,2,2,4,4,4,4,5,4,4,3,4,4,4,3,2,4,5,5,3,2.4,1.36,3.93,3.01
152,5301,2,2,3,3,3,3,3,3,2,4,2,3,4,2,1,4,2,3,3,3,2,2,2,2,2,2,2,2,2,2,2,4,4,4,4,4,3,3,3,1,4,4,3,4,3,4,4,2.8,2.7,2,3.51,2.96
153,5302,3,2,4,1,3,3,3,3,3,3,1,1,3,2,1,1,2,2,2,3,3,1,3,1,2,1,1,1,1,1,3,4,4,4,4,4,4,4,4,3,4,4,3,2,5,3,1,2.8,1.8,1.64,3.54,2.7
154,5304,3,3,3,3,3,3,3,3,3,3,1,1,1,3,3,4,2,2,3,2,1,1,1,1,1,1,1,1,1,1,1,4,4,4,4,4,4,2,3,3,4,4,4,4,5,5,4,3,2.2,1,3.89,2.88
155,5305,2,2,1,1,2,3,3,1,1,2,1,1,1,2,3,1,2,1,2,1,1,1,1,1,1,1,1,1,1,1,1,4,4,4,4,4,1,1,2,2,4,4,2,2,4,5,4,1.8,1.5,1,3.2,2.23
156,5306,1,3,3,1,1,1,1,1,1,3,1,2,1,1,1,2,3,1,1,1,1,1,1,1,1,1,1,1,1,1,1,4,4,4,3,4,4,1,1,3,3,3,1,4,5,5,5,1.6,1.4,1,3.39,2.27
157,5307,3,3,3,4,4,4,4,4,4,3,2,1,1,3,3,1,3,2,2,1,1,1,1,1,1,1,1,1,1,1,1,4,4,4,4,3,4,4,3,3,3,4,2,4,3,3,2,3.6,1.9,1,3.36,2.64
158,5308,1,1,3,3,2,2,1,2,2,2,1,1,2,2,2,3,4,1,2,1,1,1,1,1,1,1,1,1,1,1,1,4,4,4,4,4,4,3,4,3,3,4,2,2,4,4,4,1.9,1.9,1,3.55,2.5
159,5309,5,3,3,3,3,3,3,3,3,5,3,2,2,1,2,2,2,3,2,3,1,2,1,1,1,1,1,1,2,2,2,4,4,4,5,4,4,4,4,3,4,5,4,2,4,5,3,3.4,2.2,1.36,3.93,3.01
160,5312,3,3,4,3,3,4,4,2,3,4,1,1,3,2,3,3,4,4,2,3,1,1,1,1,2,1,1,1,1,1,1,4,4,4,4,4,4,4,3,3,4,4,3,4,4,4,3,3.3,2.6,1.09,3.75,2.96
161,5313,3,3,3,2,3,3,3,3,3,3,3,3,2,2,2,2,2,2,2,3,2,1,2,2,1,1,1,2,1,1,1,4,4,4,4,3,3,1,3,3,4,4,2,4,4,5,3,2.9,2.3,1.36,3.45,2.74
162,5371,5,5,5,5,5,5,5,5,5,5,3,3,2,4,3,3,3,3,3,3,2,2,2,2,2,2,1,2,1,1,2,4,4,4,5,5,4,4,3,3,4,4,3,2,4,4,4,5,3,1.73,3.8,3.42
163,5373,4,3,3,3,3,3,3,3,3,3,4,3,2,2,4,5,3,3,1,4,3,3,3,3,2,3,3,1,3,3,3,4,4,4,4,4,3,3,3,3,4,4,4,4,5,5,5,3.1,3.1,2.73,3.96,3.43
164,5400,3,3,3,3,3,4,2,5,3,5,3,3,4,4,5,5,5,3,2,4,3,3,2,3,2,3,2,2,3,3,2,4,4,4,4,5,4,3,3,5,5,4,4,4,5,5,5,3.4,3.8,2.55,4.26,3.75
165,5401,1,1,3,1,2,3,2,2,1,3,1,1,1,1,1,1,3,2,2,3,1,1,1,1,1,1,1,1,1,1,1,4,4,4,4,4,3,3,3,3,5,4,3,4,4,5,4,1.9,1.6,1,3.82,2.55
166,5402,2,2,1,1,2,1,2,2,1,3,2,1,3,3,3,2,3,2,2,2,1,1,1,1,1,1,1,1,1,1,1,4,4,4,4,3,4,3,1,3,1,1,1,4,5,3,5,1.7,2.3,1,3.13,2.38
167,5403,3,3,4,3,3,5,3,3,3,3,2,1,3,2,3,4,3,3,5,3,2,2,2,1,2,1,1,1,1,1,1,4,4,4,5,4,5,3,3,5,3,4,5,4,5,5,4,3.3,2.9,1.36,4.2,3.29
168,5404,4,4,5,5,4,4,4,4,5,3,3,2,2,2,4,4,4,2,4,3,3,3,2,1,3,3,3,3,1,1,1,4,4,4,4,3,3,3,3,3,5,5,5,5,5,4,4,4.2,3,2.18,4.02,3.49
169,5405,4,3,3,1,1,1,1,1,3,4,2,2,3,3,4,3,4,3,4,2,1,1,1,1,1,1,1,1,1,1,1,4,4,4,4,3,3,3,2,1,4,4,1,2,5,3,3,2.2,3,1,3.12,2.62
170,5406,5,5,5,3,5,3,5,3,5,5,5,5,3,2,3,5,3,3,5,3,4,3,3,4,3,2,2,4,3,3,3,5,5,5,5,5,3,4,4,5,5,5,5,5,5,5,5,4.4,3.7,3.09,4.76,4.17
171,5407,2,2,4,1,4,3,3,3,3,5,1,1,3,2,3,5,3,3,4,4,1,1,1,1,1,1,1,1,1,1,1,4,4,4,4,5,4,4,3,4,5,4,4,4,5,5,5,3,2.9,1,4.26,3.22
172,5408,2,1,1,1,1,1,2,2,1,3,2,2,1,2,2,3,1,2,2,2,1,2,1,1,1,1,1,2,1,1,1,4,4,2,3,2,2,2,2,2,4,4,4,4,2,2,3,1.5,1.9,1.18,2.88,2.18
173,5409,1,1,1,1,1,1,1,1,1,1,1,1,1,1,1,1,3,1,1,1,1,1,1,1,1,1,1,1,1,1,1,3,3,3,4,1,3,1,1,1,1,4,1,4,1,1,1,1,1.2,1,2.06,1.53
174,5410,4,4,3,4,3,3,3,4,4,5,2,3,2,2,2,3,3,2,2,2,2,3,3,2,2,1,1,2,3,3,2,4,4,3,4,4,1,3,3,3,4,4,3,4,3,4,4,3.7,2.3,2.18,3.45,2.98
175,5411,3,3,4,3,3,3,3,3,3,3,3,3,2,1,1,2,3,2,2,2,2,3,2,2,2,2,2,2,3,1,3,4,4,4,3,3,4,2,3,3,3,4,3,4,3,4,3,3.1,2.1,2.18,3.38,2.83
176,5412,3,4,4,2,4,4,3,4,2,3,2,3,3,3,3,2,3,2,2,2,3,4,3,1,3,1,2,1,2,2,4,1,3,3,3,3,2,3,3,2,4,4,3,4,4,4,2,3.3,2.5,2.36,3.02,2.82
177,5471,1,2,3,1,2,2,1,1,1,1,1,2,2,1,1,3,3,2,1,1,2,1,1,1,1,1,1,1,1,2,1,4,4,4,5,4,4,3,3,3,4,4,1,4,4,4,4,1.5,1.7,1.18,3.68,2.49
178,5472,3,4,3,3,1,3,3,3,3,3,2,2,2,1,2,3,3,3,3,3,3,3,3,3,2,3,3,2,3,3,3,4,4,4,4,3,3,1,2,3,3,3,4,4,3,3,4,2.9,2.4,2.82,3.26,2.92
179,5473,3,3,3,3,3,4,4,4,4,4,2,3,3,3,3,3,3,3,3,3,1,3,2,3,3,2,2,2,3,3,1,4,4,4,4,3,3,3,3,3,3,4,2,3,3,4,4,3.5,2.9,2.27,3.37,3.09
180,5474,3,3,4,3,3,3,3,3,3,3,3,3,2,3,5,3,3,3,2,3,1,1,1,1,1,1,1,1,1,1,1,4,4,4,5,5,4,3,5,5,5,4,5,4,5,5,5,3.1,3,1,4.51,3.37
181,5475,5,5,5,5,5,5,5,4,5,5,3,3,3,2,3,3,3,3,3,3,2,3,3,2,2,2,1,1,2,2,2,5,4,4,4,4,4,3,4,4,3,5,3,5,4,5,4,4.9,2.9,2,4.07,3.54
182,5476,3,3,3,3,3,3,3,3,2,3,3,3,3,2,4,4,4,3,3,3,1,4,3,2,3,1,1,2,2,2,2,4,4,3,4,4,4,3,3,4,4,3,2,3,5,4,4,2.9,3.2,2.09,3.62,3.17
183,5477,3,3,4,4,4,5,3,3,4,3,1,2,1,1,2,1,1,1,3,4,1,1,1,1,1,1,1,1,2,2,1,4,4,4,4,4,3,3,3,3,3,4,3,4,3,3,3,3.6,1.7,1.18,3.43,2.65
184,5500,2,3,3,4,3,3,1,4,2,3,3,3,1,2,3,3,3,2,4,3,3,2,2,2,1,1,1,2,2,2,2,4,4,4,4,5,5,3,4,5,3,5,4,5,5,4,5,2.8,2.7,1.82,4.32,3.31
185,5501,4,4,4,4,4,4,4,3,4,4,1,1,2,2,5,3,3,3,4,3,1,1,1,1,1,1,1,1,1,1,1,4,4,4,4,5,4,4,3,4,4,4,3,5,2,5,3,3.9,2.7,1,3.87,3.11
186,5502,1,1,1,3,2,2,1,1,1,1,1,1,1,2,1,1,1,1,1,1,1,1,1,1,1,1,1,1,1,1,1,4,4,3,4,2,3,3,2,2,4,1,1,2,2,1,1,1.4,1.1,1,2.4,1.71
187,5503,1,1,1,2,2,2,1,1,1,1,1,1,1,1,1,1,1,1,1,1,1,1,1,1,1,1,1,1,1,1,1,4,4,4,4,3,3,1,3,1,1,4,3,4,2,5,2,1.3,1,1,3.01,1.95
188,5504,3,3,4,3,3,3,3,3,3,3,3,3,1,2,1,1,1,1,2,3,1,1,1,1,1,1,2,1,1,3,1,4,1,3,4,3,3,3,3,3,3,3,3,1,3,3,3,3.1,1.8,1.27,2.87,2.37
189,5505,1,1,1,1,1,1,1,1,1,1,1,1,2,2,2,1,1,2,1,1,1,1,1,1,1,1,1,1,1,1,1,4,4,1,4,4,1,3,2,3,3,4,2,4,2,2,3,1,1.4,1,2.87,1.95
190,5506,4,4,4,3,5,3,3,3,1,5,4,3,1,2,1,3,3,1,5,4,1,1,3,1,2,1,1,1,1,1,1,4,4,4,4,5,4,2,1,3,3,4,4,4,4,3,2,3.5,2.7,1.27,3.44,2.91
191,5507,2,2,4,1,3,3,3,3,3,3,1,1,2,1,1,2,2,1,2,3,1,1,1,1,1,1,1,1,1,1,1,4,4,4,4,4,4,3,3,3,4,4,3,2,4,5,5,2.7,1.6,1,3.75,2.62
192,5508,2,2,1,2,2,3,1,1,1,3,2,2,3,1,1,2,3,1,2,1,1,1,1,1,1,1,1,1,1,1,1,4,4,3,4,4,1,3,1,1,1,4,2,2,3,4,4,1.8,1.8,1,2.82,2.13
193,5509,3,3,4,3,3,3,3,3,3,3,1,1,1,3,1,3,3,3,2,3,1,1,1,1,1,1,1,1,1,1,1,4,4,4,4,3,4,3,3,3,3,4,2,4,5,5,5,3.1,2.1,1,3.76,2.81
194,5571,5,5,5,5,5,5,5,5,5,5,2,3,5,2,3,5,5,5,5,5,3,2,2,3,3,2,4,4,3,3,3,5,5,5,5,5,5,5,3,3,5,5,5,5,4,5,5,5,4,2.91,4.69,4.27
195,5572,3,3,2,1,3,3,3,2,3,3,1,1,1,1,1,1,1,1,1,1,1,1,1,1,1,1,1,1,1,1,1,4,4,4,4,3,1,4,3,3,3,4,3,3,5,4,5,2.6,1,1,3.58,2.38
196,5600,2,2,3,3,3,3,3,3,2,3,1,1,2,1,3,3,3,2,2,2,1,1,1,1,2,1,1,1,1,1,1,4,4,4,4,4,4,3,4,3,4,4,3,3,2,2,4,2.7,2,1.09,3.48,2.62
197,5601,3,3,2,3,3,4,2,3,3,3,3,1,1,2,1,3,3,3,4,3,1,1,1,1,1,1,1,1,1,1,1,4,4,4,4,5,4,4,3,3,3,4,1,3,5,5,4,2.9,2.4,1,3.75,2.85
198,5602,2,2,3,2,2,3,3,3,1,3,1,2,3,1,1,2,3,1,3,3,1,1,1,1,2,1,1,1,1,1,1,4,4,4,4,4,3,4,3,4,3,4,3,3,4,4,4,2.4,2,1.09,3.69,2.67
199,5603,5,4,4,4,3,3,3,4,3,4,1,2,2,2,3,3,3,3,5,3,1,2,2,1,1,1,1,1,1,1,1,4,4,4,4,4,4,3,2,3,3,4,3,4,3,5,4,3.7,2.7,1.18,3.63,3
200,5604,1,1,4,1,1,1,1,3,1,3,1,1,2,1,1,3,2,2,2,3,1,1,1,1,1,1,1,1,1,1,1,4,4,4,4,4,2,3,1,3,2,4,3,3,2,3,3,1.7,1.8,1,3.06,2.23
201,5605,3,3,4,4,3,3,3,2,3,3,1,1,2,1,1,1,3,1,2,3,1,1,1,1,1,1,1,1,1,1,1,4,4,4,4,4,4,4,3,3,4,4,2,4,4,3,4,3.1,1.6,1,3.68,2.64
202,5606,3,3,3,3,3,3,3,3,3,3,3,2,2,2,3,3,3,3,3,3,1,2,3,2,3,2,1,2,2,2,2,4,4,4,4,3,4,3,3,4,4,4,2,4,4,3,4,3,2.7,2,3.62,3.04
203,5608,3,3,5,5,5,5,5,5,3,5,3,2,3,2,3,3,5,1,3,3,2,1,1,1,1,1,1,1,1,1,1,4,4,4,4,4,1,3,3,4,3,4,2,3,3,3,4,4.4,2.8,1.09,3.31,2.96
204,5609,2,2,2,3,3,2,1,2,1,1,2,1,1,1,2,2,1,1,1,3,1,1,1,1,2,1,1,1,1,1,1,4,4,2,4,4,4,3,1,3,4,4,2,4,4,3,3,1.9,1.5,1.09,3.31,2.31
205,5610,4,4,4,1,4,4,4,1,4,4,3,3,1,2,4,3,4,3,3,2,3,1,1,1,1,1,1,1,1,1,4,4,4,3,4,4,4,3,3,3,3,4,3,3,3,3,3,3.4,2.8,1.45,3.37,2.91
206,5611,2,2,1,1,1,1,1,1,2,3,1,2,3,1,2,3,2,1,2,3,1,1,1,1,1,1,1,1,1,1,1,4,4,4,4,3,1,1,1,1,3,4,3,2,1,2,1,1.5,2,1,2.43,1.97
207,5612,3,3,2,3,3,3,3,3,3,3,1,1,2,1,1,2,1,1,1,1,1,1,1,1,1,1,1,1,1,1,1,4,4,4,4,4,3,1,3,3,4,4,1,4,5,3,2,2.9,1.2,1,3.31,2.35
208,5671,3,3,4,1,3,3,3,3,3,3,4,2,2,2,3,1,2,2,1,2,1,1,1,1,1,1,1,1,1,1,1,4,4,4,4,3,4,3,2,3,3,4,4,5,4,4,1,2.9,2.1,1,3.51,2.66
209,5672,3,3,3,1,3,3,3,3,3,3,1,1,1,1,1,1,1,1,1,3,2,1,2,1,1,3,1,1,1,2,3,2,2,2,4,4,3,1,1,1,2,4,2,4,3,3,4,2.8,1.2,1.64,2.65,2.14
210,5673,3,3,4,3,3,3,3,3,3,3,2,2,3,1,3,3,3,3,2,3,3,3,3,1,1,1,1,1,2,2,2,4,4,4,4,3,3,3,3,4,3,4,3,3,3,3,3,3.1,2.5,1.82,3.37,2.86
211,5674,4,3,3,2,3,3,3,3,3,4,3,4,3,3,3,3,3,2,4,4,4,3,3,3,3,3,3,2,3,3,3,4,4,4,4,3,3,3,3,3,4,4,2,4,5,4,4,3.1,3.2,3,3.63,3.35
212,5675,1,3,3,3,2,1,3,3,1,3,1,3,2,2,3,3,3,2,3,1,3,3,3,3,3,3,3,1,3,2,2,1,4,4,1,2,2,4,3,1,1,4,1,2,3,4,3,2.3,2.3,2.64,2.51,2.45
213,5700,5,5,4,5,5,5,5,5,5,5,2,2,4,1,4,3,3,5,4,3,2,3,2,2,2,2,2,2,3,3,2,4,4,4,4,4,4,3,3,3,3,4,3,2,1,1,1,4.9,3.1,2.27,2.97,3.14
214,5701,3,2,4,2,1,3,3,3,3,3,1,1,1,1,1,1,1,1,1,3,1,1,1,1,1,1,1,1,1,1,1,4,4,4,4,2,4,3,3,3,3,4,2,2,5,5,5,2.7,1.2,1,3.57,2.44
215,5702,3,3,4,1,5,3,5,2,3,3,3,3,1,1,1,3,3,2,2,3,3,2,3,2,2,2,1,1,3,3,3,4,4,4,4,4,4,3,3,3,4,4,4,4,5,4,4,3.2,2.2,2.27,3.88,3.11
216,5703,4,4,3,1,4,4,4,3,4,4,2,2,2,1,2,3,3,3,2,2,1,1,1,1,1,2,1,1,1,1,1,4,4,3,4,3,4,2,2,1,3,4,2,3,4,5,2,3.5,2.2,1.09,3.13,2.61
217,5704,5,2,5,3,5,5,5,5,5,5,3,3,3,3,3,3,4,3,4,5,3,3,3,3,3,3,1,3,1,1,3,4,4,4,4,4,4,4,4,4,5,4,4,4,5,4,4,4.5,3.4,2.45,4.13,3.72
218,5705,4,4,4,4,4,4,4,4,4,4,3,3,2,2,5,3,3,3,5,3,3,4,2,3,3,2,3,2,1,1,3,4,4,4,4,3,4,3,3,3,3,4,4,4,4,5,4,4,3.2,2.45,3.76,3.44
219,5706,3,4,3,4,4,4,2,2,4,3,3,3,2,2,5,4,5,4,4,3,2,2,2,2,3,3,2,5,2,2,2,5,4,4,5,3,5,4,3,3,3,4,4,5,3,5,5,3.3,3.5,2.45,4.07,3.56
220,5771,3,3,4,3,3,3,3,3,3,3,1,1,1,2,1,5,5,4,2,4,1,1,1,1,1,1,1,1,1,1,1,4,4,4,4,4,4,3,3,3,4,4,3,2,4,4,4,3.1,2.6,1,3.62,2.87
221,5800,4,4,4,3,4,4,4,4,4,3,2,2,3,2,2,3,3,2,2,3,1,1,1,1,1,1,1,1,3,3,3,4,4,4,4,4,5,3,3,3,3,4,4,4,3,5,5,3.8,2.4,1.55,3.88,3.12
222,5801,1,2,2,2,3,3,2,2,3,3,1,1,1,2,2,3,3,3,2,3,2,2,2,1,1,1,1,1,2,2,2,4,4,4,4,3,4,3,4,4,4,5,5,4,4,4,4,2.3,2.1,1.55,4.01,2.9
223,5802,3,3,4,3,3,3,3,3,3,3,1,1,1,2,1,1,1,1,2,2,1,1,1,1,1,1,1,1,1,1,1,4,4,4,4,3,4,4,3,3,3,4,3,2,4,3,3,3.1,1.3,1,3.43,2.45
224,5803,5,5,5,5,5,5,5,5,4,5,3,3,2,3,3,4,2,1,3,3,2,2,3,2,2,2,2,2,1,1,1,4,4,5,4,4,4,3,1,3,4,4,3,4,3,4,3,4.9,2.7,1.82,3.56,3.23
225,5804,3,3,4,3,3,3,3,3,3,3,1,1,2,1,1,1,1,1,1,2,1,1,1,1,1,1,1,1,1,1,1,4,4,2,3,3,3,3,1,3,3,4,3,3,3,3,3,3.1,1.2,1,3.01,2.24
226,5805,2,2,2,3,3,3,3,2,2,3,1,1,2,1,1,2,3,1,2,3,1,1,1,1,1,1,1,1,1,1,1,4,4,4,4,3,2,4,1,4,3,4,4,4,5,3,4,2.5,1.7,1,3.58,2.54
227,5806,2,2,3,1,1,3,3,3,3,2,2,2,2,1,1,1,1,1,1,1,1,1,1,1,2,1,1,1,1,1,1,4,4,3,4,3,2,3,3,3,3,4,1,2,1,1,4,2.3,1.3,1.09,2.79,2.07
228,5807,3,3,3,3,3,3,3,2,3,2,1,1,1,1,1,2,2,1,2,2,1,1,1,1,1,1,1,1,1,1,1,4,4,4,4,3,2,2,1,3,1,4,3,2,5,3,4,2.8,1.4,1,3.08,2.28
229,5808,3,3,3,3,3,3,3,3,3,3,2,2,3,1,3,3,3,3,3,3,1,3,1,2,2,1,1,2,1,1,1,4,4,4,4,4,4,4,2,3,3,4,2,4,4,4,4,3,2.6,1.45,3.63,2.93
230,5809,3,2,1,1,1,1,1,1,1,1,3,2,1,2,3,2,3,1,3,3,1,2,1,1,2,1,2,1,1,1,1,4,4,4,4,4,4,3,1,3,4,4,3,3,4,4,3,1.3,2.3,1.27,3.5,2.55
231,5871,3,2,3,2,3,3,3,3,3,3,3,3,1,2,1,2,3,2,3,1,1,1,1,1,2,1,1,1,1,1,1,4,4,3,4,3,4,3,2,3,3,4,2,2,3,5,5,2.8,2.1,1.09,3.38,2.61
232,5900,3,3,3,3,3,3,3,1,5,3,3,3,4,5,5,4,5,4,2,4,3,3,4,1,3,3,1,2,3,3,4,5,5,5,4,4,4,3,4,4,4,4,4,5,5,5,5,3,3.9,2.73,4.38,3.81
233,5901,3,3,3,3,3,3,3,3,3,3,3,3,2,2,1,2,3,1,2,1,2,2,2,1,1,1,1,1,1,1,1,4,4,4,4,4,4,3,4,4,4,4,3,2,3,3,4,3,2,1.27,3.61,2.74
234,5902,2,2,3,3,3,1,1,3,3,3,1,1,2,3,2,2,3,3,2,3,1,1,1,1,1,1,1,1,1,1,1,4,4,4,4,4,3,3,3,3,3,4,3,4,4,4,4,2.4,2.2,1,3.63,2.68
235,5903,3,3,3,3,3,3,3,3,3,3,2,2,1,1,2,3,3,1,3,3,1,1,1,1,3,1,1,1,1,1,1,4,4,4,4,3,3,3,4,3,3,4,2,4,4,3,4,3,2.1,1.18,3.5,2.7
236,5904,3,3,3,3,3,3,3,3,3,3,2,2,3,3,1,3,2,1,3,2,1,2,3,1,2,1,1,1,1,1,1,4,4,4,4,4,4,3,3,3,3,3,3,4,4,3,3,3,2.2,1.36,3.49,2.76
237,5905,3,3,3,3,3,3,3,3,3,3,2,2,2,2,1,1,1,1,4,4,1,1,1,1,2,1,1,1,1,1,1,4,4,4,4,4,1,3,2,3,3,4,2,2,5,4,3,3,2,1.09,3.25,2.55
238,5906,3,3,4,1,3,3,3,3,3,3,1,3,3,2,1,1,3,2,3,2,4,2,1,3,1,1,1,1,1,1,1,4,4,4,4,4,3,3,1,3,4,4,1,4,1,4,3,2.9,2.1,1.55,3.18,2.6
239,5907,3,3,3,3,3,3,3,3,3,3,2,2,3,3,2,3,2,2,3,3,2,2,2,3,2,2,2,2,3,3,3,4,4,4,4,4,4,4,4,3,3,4,3,4,4,3,3,3,2.5,2.36,3.68,3.08
240,5908,3,3,4,3,3,3,3,2,3,3,1,1,1,1,1,3,3,1,1,1,1,1,1,1,1,1,1,1,1,1,1,4,4,4,4,2,2,2,2,3,3,4,1,2,4,3,4,3,1.4,1,3,2.27
241,5909,3,3,3,2,4,4,4,4,5,5,2,2,3,2,2,2,3,2,3,3,1,2,2,1,2,1,1,1,1,1,1,4,4,4,4,4,3,3,4,2,4,4,4,2,4,3,4,3.7,2.4,1.27,3.56,2.91
242,5910,3,2,3,1,3,3,3,2,1,3,3,2,1,2,1,1,3,1,2,2,1,1,1,1,1,1,1,1,1,1,1,4,3,3,4,3,1,1,2,3,1,4,1,2,5,5,5,2.4,1.8,1,2.96,2.27
243,5911,3,3,3,3,3,3,3,3,3,3,2,3,2,1,3,3,3,2,1,1,2,3,2,3,1,2,1,2,2,2,3,4,4,4,4,4,4,3,4,3,4,4,3,4,4,3,4,3,2.1,2.09,3.75,2.97
244,5912,5,5,5,5,5,5,5,5,5,5,5,3,3,1,5,4,4,4,5,4,1,1,2,2,2,4,2,2,3,3,1,4,4,4,4,4,4,3,2,3,4,4,2,4,4,3,4,5,3.8,2.09,3.56,3.57
245,5913,3,3,4,1,3,3,1,3,3,3,1,2,1,2,2,3,3,1,1,1,1,1,2,1,1,2,1,2,1,1,1,4,4,4,4,2,3,3,4,1,2,4,2,2,2,4,2,2.7,1.7,1.27,2.93,2.32
246,5971,2,3,2,1,3,3,3,2,3,3,2,3,3,2,2,3,3,2,3,2,3,2,2,3,2,2,2,2,1,1,2,4,4,4,4,4,4,3,4,4,4,4,2,4,4,5,4,2.5,2.5,2,3.87,3.04
247,5972,1,1,2,1,1,2,1,1,1,3,1,1,1,2,1,2,3,1,2,3,1,1,1,1,1,1,1,1,1,1,1,4,4,4,4,4,4,3,1,4,3,4,3,4,1,1,1,1.4,1.7,1,3.04,2.15
248,6000,5,5,5,5,3,3,5,5,4,5,3,3,5,3,4,5,5,2,2,5,2,5,2,2,3,2,2,3,2,2,3,5,5,5,5,5,5,5,5,5,5,5,5,5,5,5,5,4.5,3.7,2.55,5,4.21
249,6100,5,5,5,5,5,4,4,5,4,5,3,3,5,4,3,4,4,4,5,5,3,4,3,2,3,2,2,4,3,3,3,4,4,4,4,5,5,5,4,4,5,4,5,4,5,5,5,4.7,4,2.91,4.51,4.14
250,6101,4,4,4,4,4,4,4,1,4,4,3,3,2,3,4,5,4,2,3,3,3,2,2,2,2,2,2,2,3,3,4,4,4,4,4,5,4,4,3,5,5,5,4,5,5,5,5,3.7,3.2,2.45,4.45,3.71
251,6102,3,3,4,3,3,3,3,5,4,4,3,3,3,2,1,3,2,1,2,3,3,3,2,3,2,1,1,1,1,1,1,4,4,4,4,4,4,3,3,3,5,4,4,2,5,5,4,3.5,2.3,1.73,3.88,3.08
252,6103,4,4,4,4,4,4,4,3,4,3,2,3,1,3,1,3,3,1,2,3,1,2,2,1,2,1,1,1,1,1,1,4,4,4,5,3,4,3,3,3,4,5,4,4,4,5,4,3.8,2.2,1.27,3.95,3.05
253,6104,4,4,4,2,3,4,4,3,3,4,3,3,2,2,3,2,3,3,3,3,3,3,2,2,2,2,2,2,3,3,1,4,4,4,4,4,4,3,3,2,4,4,3,4,5,5,5,3.5,2.7,2.27,3.89,3.28
254,6105,5,5,5,5,5,5,5,5,5,5,3,3,4,3,4,5,5,5,5,5,3,4,3,4,4,3,3,3,3,3,3,5,5,5,5,5,4,3,5,3,5,5,5,5,5,5,5,5,4.2,3.27,4.7,4.38
255,6106,3,3,3,1,3,3,3,4,3,3,3,3,1,2,1,4,3,2,2,1,1,1,1,1,1,2,1,1,3,3,1,4,5,4,4,4,5,4,3,3,4,4,3,4,5,4,4,2.9,2.2,1.45,4,2.99
256,6107,3,3,4,1,3,3,3,3,4,3,2,2,3,3,3,3,3,3,2,2,2,3,1,1,1,1,1,1,1,1,1,4,4,4,4,4,2,3,3,3,3,4,3,4,3,4,3,3,2.6,1.27,3.44,2.82
257,6108,4,4,4,4,4,4,4,4,4,4,2,3,3,3,3,4,3,4,3,3,2,3,3,3,3,2,2,2,2,2,2,4,4,4,5,4,4,3,3,3,3,3,5,4,5,5,4,4,3.1,2.36,3.95,3.48
258,6109,5,5,5,5,5,5,5,5,5,5,3,3,2,4,5,4,4,5,2,4,3,2,2,2,2,2,2,4,3,3,3,5,5,4,5,5,5,2,5,5,5,5,5,5,5,5,5,5,3.6,2.55,4.76,4.14
259,6110,4,4,4,4,4,4,4,4,4,4,3,4,2,2,4,3,4,3,3,3,2,3,2,2,2,2,2,2,2,2,2,4,4,4,3,4,4,4,2,3,4,3,4,3,4,4,4,4,3.1,2.09,3.63,3.29
260,6111,4,4,2,1,3,3,4,2,4,4,1,1,1,2,2,3,2,2,2,2,1,1,1,1,1,1,1,1,1,1,1,5,5,5,5,5,4,3,3,5,5,5,4,4,3,4,5,3.1,1.8,1,4.37,3.01
261,6112,3,3,3,3,3,3,3,3,3,3,3,3,2,3,3,3,2,3,2,3,1,1,1,2,1,3,1,2,1,1,1,4,4,4,4,4,4,3,3,4,4,5,2,3,5,5,5,3,2.7,1.36,3.95,3.09
262,6113,4,3,4,3,3,3,3,3,3,3,3,3,2,2,1,3,3,2,2,3,3,2,3,1,2,2,1,2,3,2,2,4,4,4,4,4,4,3,3,4,4,4,2,3,5,4,4,3.2,2.4,2.09,3.75,3.07
263,6114,4,2,4,3,3,3,3,1,3,3,3,3,3,3,1,4,4,3,3,4,4,3,3,4,2,3,1,3,3,3,2,4,4,4,4,4,3,3,3,3,3,4,4,5,4,5,5,2.9,3.1,2.82,3.9,3.39
264,6115,4,4,4,4,4,4,4,4,4,5,5,4,3,3,3,3,3,3,5,2,3,3,2,3,2,2,2,3,3,3,3,4,4,4,4,4,4,3,3,3,4,4,4,4,4,4,3,4.1,3.4,2.64,3.75,3.53
265,6116,5,5,3,2,2,3,3,3,3,3,5,3,2,2,3,4,2,1,2,3,1,3,2,1,2,1,1,1,2,2,1,4,4,3,4,4,3,2,2,2,3,5,3,4,3,5,3,3.2,2.7,1.55,3.39,2.89
266,6117,3,3,4,3,3,3,3,3,3,4,3,3,3,2,3,4,3,2,3,3,3,2,2,2,1,2,1,2,1,1,1,4,4,3,4,5,5,5,5,3,4,5,3,2,5,5,5,3.2,2.9,1.64,4.19,3.32
267,6118,5,5,5,5,4,5,5,5,5,5,4,3,2,2,3,3,1,2,4,4,2,2,2,2,2,2,2,2,1,1,1,5,5,5,4,4,4,3,2,3,4,5,4,5,4,5,5,4.9,2.8,1.73,4.2,3.53
268,6171,5,5,5,4,4,4,4,4,5,5,4,4,3,4,4,4,3,3,5,4,3,3,3,4,3,3,3,3,3,3,3,4,4,4,4,5,4,4,3,4,5,4,4,4,5,5,5,4.5,3.8,3.09,4.26,3.98
269,6172,4,3,4,4,4,3,4,4,4,3,3,3,3,3,4,3,3,4,4,4,3,3,3,3,3,3,2,3,3,3,3,4,4,4,4,4,4,4,4,4,4,4,4,4,5,5,5,3.7,3.4,2.91,4.2,3.72
270,6173,2,2,3,3,2,2,3,3,3,3,3,3,1,2,3,2,2,3,3,3,1,2,4,3,3,2,2,2,1,1,1,4,4,4,4,3,4,3,2,3,3,4,4,4,4,5,4,2.6,2.5,2,3.7,2.98
271,6174,5,3,4,4,4,4,4,4,4,5,3,2,2,3,4,4,4,4,5,3,3,3,3,3,3,3,3,3,2,2,3,4,4,4,4,5,4,3,2,3,5,4,4,2,3,5,4,4.1,3.4,2.82,3.75,3.55
272,6175,2,3,3,4,4,4,4,3,3,3,2,3,3,2,1,3,3,3,2,2,2,2,1,1,2,1,1,1,1,1,1,4,4,4,4,4,3,1,3,4,4,4,4,5,5,5,4,3.3,2.4,1.27,3.9,3.01
273,6176,5,5,5,5,5,5,5,5,5,3,2,3,5,3,3,5,4,5,5,3,2,3,4,1,3,1,1,2,2,2,3,3,4,4,4,4,4,4,3,3,4,4,4,4,4,5,4,4.8,3.8,2.18,3.88,3.7
274,6177,4,4,4,5,4,4,4,4,4,4,4,4,3,3,5,5,5,4,4,3,3,4,5,3,4,2,2,3,2,2,3,5,5,5,4,5,4,4,3,3,4,4,4,5,5,5,5,4.1,4,3,4.38,4.02
275,6178,5,5,5,3,3,5,4,4,4,4,3,3,2,3,3,3,3,2,2,3,2,2,3,3,2,2,2,2,1,1,3,4,4,4,4,4,4,3,1,4,4,4,4,4,4,4,3,4.2,2.7,2.09,3.69,3.25
276,6179,3,3,3,3,3,3,3,3,3,5,1,1,1,3,4,4,2,3,3,2,1,1,1,1,1,1,1,1,3,3,1,4,4,4,4,5,4,3,3,4,4,4,4,4,5,4,2,3.2,2.4,1.36,3.87,3
277,6200,4,4,4,1,2,2,2,3,3,5,3,3,2,3,3,4,3,2,5,3,3,3,3,2,2,2,1,3,2,2,4,4,4,4,4,4,4,4,3,5,4,4,3,4,3,5,5,3,3.1,2.45,4,3.39
278,6201,4,5,5,5,5,4,4,3,3,4,3,4,3,3,3,3,3,3,3,3,2,4,3,1,2,1,1,1,1,1,2,4,4,4,4,3,4,3,3,3,3,4,4,4,4,3,3,4.2,3.1,1.73,3.57,3.23
279,6202,3,3,2,2,3,3,3,3,3,4,3,3,3,3,1,3,2,1,2,2,3,3,2,3,3,2,2,2,1,3,4,4,4,4,4,4,4,4,3,3,4,4,1,4,5,5,5,2.9,2.3,2.55,3.88,3.14
280,6203,5,5,5,5,5,5,5,5,5,5,3,3,3,3,1,3,3,3,3,3,2,1,1,1,2,3,2,2,2,2,2,4,3,3,4,3,3,3,4,3,3,4,3,3,4,4,4,5,2.8,1.82,3.45,3.22
281,6204,3,4,4,3,4,4,4,3,3,4,3,3,2,3,3,3,3,3,4,3,3,2,4,2,2,2,2,2,2,2,2,4,4,4,4,4,3,3,3,3,3,4,4,4,5,5,5,3.6,3,2.27,3.9,3.37
282,6271,3,3,4,2,3,3,3,2,1,3,3,3,1,4,1,3,3,3,3,3,3,2,2,1,2,2,1,1,3,3,1,4,4,4,4,4,4,2,1,3,3,4,3,4,3,5,5,2.7,2.7,1.91,3.58,2.97
283,6272,3,3,4,1,3,3,2,3,3,4,3,3,1,1,1,2,1,1,2,1,2,1,1,1,2,1,1,1,1,1,1,4,4,4,4,3,4,3,2,4,1,4,1,2,2,2,3,2.9,1.6,1.18,2.92,2.3
284,6273,1,1,4,1,3,3,3,2,1,3,2,2,1,1,1,2,2,2,2,3,1,2,1,1,1,1,1,1,1,1,1,4,4,4,4,3,4,3,3,3,3,4,3,4,4,5,4,2.2,1.8,1.09,3.7,2.6
285,6274,1,1,3,3,2,2,2,4,3,4,1,1,4,3,5,4,4,3,4,4,1,2,1,2,2,1,1,2,1,1,1,4,4,4,4,5,3,3,2,3,3,4,4,5,5,5,5,2.5,3.3,1.36,3.96,3.18
286,6300,5,5,5,5,5,4,5,5,4,5,4,5,4,4,5,4,4,4,4,4,3,3,4,4,2,5,3,3,3,3,4,4,4,4,4,5,4,4,4,5,4,4,4,5,5,5,5,4.8,4.2,3.36,4.38,4.22
287,6301,4,5,5,5,5,5,5,5,5,5,4,3,3,3,3,3,3,3,3,5,3,3,2,3,2,3,3,2,3,3,3,4,4,3,4,3,3,3,3,3,4,4,5,5,5,5,5,4.9,3.3,2.73,3.97,3.72
288,6302,5,5,5,4,5,4,4,5,4,5,3,3,5,4,2,5,4,5,5,5,3,3,3,4,5,2,3,3,3,3,3,4,3,4,5,5,5,5,5,5,4,5,5,5,5,5,5,4.6,4.1,3.18,4.7,4.29
289,6303,3,3,4,4,3,3,3,2,3,3,2,2,1,2,1,2,3,2,2,2,1,1,1,1,1,1,1,1,1,1,1,4,4,4,4,4,4,4,2,3,3,5,3,4,5,5,5,3.1,1.9,1,3.96,2.84
290,6304,5,5,5,3,3,5,5,3,3,5,3,3,5,2,5,5,5,5,5,5,4,5,5,3,3,3,3,4,3,3,3,4,4,4,4,5,5,5,3,3,4,4,4,4,5,5,3,4.2,4.3,3.55,4.13,4.08
291,6371,2,2,3,3,2,2,2,2,2,3,2,2,2,2,4,1,3,3,3,3,3,3,2,3,2,3,3,3,1,3,3,4,4,4,4,5,4,5,5,5,5,5,4,4,4,5,5,2.3,2.5,2.64,4.5,3.41
292,6400,5,5,5,5,3,5,5,5,5,5,4,4,4,1,5,5,5,4,4,3,4,5,4,3,3,3,3,3,3,3,3,5,5,5,4,4,4,5,5,4,5,5,3,5,5,5,5,4.8,3.9,3.36,4.63,4.26
293,6401,3,5,5,5,5,5,5,5,5,5,3,3,1,2,3,3,4,2,3,3,2,2,3,3,2,2,1,2,1,1,2,4,4,4,4,5,4,3,3,3,3,4,4,2,5,3,3,4.8,2.7,1.91,3.62,3.26
294,6402,3,3,3,2,3,3,3,2,3,3,2,2,2,3,1,3,3,2,2,2,3,2,2,2,2,3,2,2,2,2,2,4,4,4,4,4,4,3,4,3,3,4,4,3,3,4,4,2.8,2.2,2.18,3.69,2.95
295,6403,3,5,5,3,3,5,3,3,3,3,3,3,5,5,1,3,3,3,3,3,4,3,2,3,3,2,2,3,3,3,3,4,4,4,4,5,4,3,4,3,4,4,4,4,5,5,5,3.6,3.2,2.82,4.14,3.62
296,6404,2,2,4,3,4,4,2,2,1,3,2,2,4,4,4,4,3,3,4,4,1,3,1,1,2,1,1,1,2,2,2,4,4,4,4,4,4,4,3,4,4,4,5,4,5,5,5,2.7,3.4,1.55,4.2,3.37
297,6405,3,2,3,2,1,3,3,3,3,3,1,3,4,2,2,2,3,2,2,2,1,3,2,2,2,2,2,1,1,1,1,4,4,3,4,4,4,4,4,3,3,4,3,4,4,4,3,2.6,2.3,1.64,3.69,2.86
298,6406,3,3,5,2,2,3,2,3,5,2,3,3,3,2,4,4,3,2,3,2,2,2,2,2,2,1,1,1,2,2,2,5,5,5,5,5,5,4,5,3,5,4,4,5,5,5,5,3,2.9,1.73,4.69,3.53
299,6407,4,5,3,3,3,3,3,3,3,3,2,3,2,3,3,3,3,2,2,2,2,3,1,2,2,1,1,1,2,2,2,4,4,4,4,4,4,4,3,3,4,4,4,4,4,3,4,3.3,2.5,1.73,3.81,3.07
300,6408,2,2,3,2,3,3,3,3,3,3,1,1,1,4,1,2,1,2,3,3,3,1,3,1,1,1,2,1,1,1,1,5,4,3,4,4,4,4,2,3,4,4,4,4,5,4,4,2.7,1.9,1.45,3.88,2.83
301,6409,5,3,5,5,5,5,5,5,3,5,5,2,5,5,3,5,5,3,4,3,2,2,2,2,2,2,2,2,1,2,2,4,4,3,5,4,4,3,3,5,3,3,3,5,5,5,5,4.6,4,1.91,4.01,3.74
302,6410,4,5,4,5,5,5,5,4,4,5,5,5,4,4,5,5,5,5,3,3,3,3,3,3,3,3,3,3,2,2,2,5,4,4,4,5,5,5,3,5,5,5,5,5,4,4,5,4.6,4.4,2.73,4.57,4.23
303,6411,1,1,3,1,3,3,1,2,2,3,3,2,2,1,1,2,3,2,2,1,2,3,3,2,2,2,2,2,1,1,1,4,4,5,5,5,3,3,3,3,3,3,5,5,5,5,5,2,1.9,1.91,4.14,2.94
304,6412,3,3,4,4,4,4,4,5,4,4,3,3,3,3,4,4,3,3,4,4,3,3,4,3,3,4,2,2,2,2,2,4,4,4,4,4,4,3,3,4,4,5,4,4,5,4,4,3.9,3.4,2.73,4.01,3.63
305,6413,5,5,5,3,5,5,4,5,5,3,4,3,3,3,1,5,3,4,2,3,2,2,2,3,3,1,1,3,3,3,3,4,4,4,4,4,4,3,3,3,5,4,5,4,5,5,5,4.5,3.1,2.36,4.14,3.64
306,6414,4,3,3,4,3,4,3,4,4,4,3,3,2,3,1,3,2,2,3,1,2,2,3,3,2,1,1,1,1,1,2,4,4,4,4,4,4,4,4,4,5,4,3,5,5,5,5,3.6,2.3,1.73,4.26,3.27
307,6415,5,3,5,3,5,5,3,3,5,5,3,3,2,5,3,3,3,2,2,3,4,1,3,1,2,1,1,2,1,1,3,4,4,4,4,4,4,4,4,4,3,4,4,2,5,5,5,4.2,2.9,1.82,4.01,3.39
308,6416,4,4,2,4,5,4,4,4,4,5,3,3,2,3,4,4,3,3,3,3,2,1,2,2,2,2,2,2,2,2,2,4,4,3,5,4,4,3,3,4,5,4,3,4,5,5,5,4,3.1,1.91,4.07,3.46
309,6417,5,4,3,5,5,5,3,2,4,4,4,5,4,2,5,3,3,2,5,5,3,4,5,3,2,2,3,4,1,5,2,4,4,4,4,3,4,3,4,4,5,3,4,4,5,5,5,4,3.8,3.09,4.07,3.83
310,6418,3,3,5,5,5,5,4,4,5,5,4,3,2,3,1,2,2,2,5,3,1,3,1,1,1,1,1,1,1,1,1,5,5,5,4,4,5,3,1,3,4,5,4,4,5,4,4,4.4,2.7,1.18,4.07,3.29
311,6419,3,3,4,3,3,3,3,3,3,3,1,2,3,1,1,5,5,2,2,4,3,1,1,1,1,1,1,1,1,1,1,5,5,5,5,5,3,3,2,3,4,4,5,5,3,5,4,3.1,2.6,1.18,4.13,3.13
312,6420,3,3,4,3,4,3,3,3,3,4,3,2,2,2,1,3,3,2,3,1,1,1,1,1,1,1,1,1,1,1,1,4,4,4,4,4,4,3,3,2,3,4,3,4,4,4,4,3.3,2.2,1,3.63,2.8
313,6421,2,2,5,3,3,3,3,3,3,3,5,4,3,3,3,3,3,3,2,2,3,4,4,3,3,3,3,3,3,3,3,4,4,4,4,5,4,3,3,4,4,4,4,4,4,5,5,3,3.1,3.18,4.07,3.54
314,6422,3,3,3,3,3,3,3,3,3,3,3,3,3,2,3,4,4,2,4,3,3,3,2,2,2,2,1,3,1,1,1,4,4,4,4,4,4,3,3,3,3,4,4,4,4,4,4,3,3.1,1.91,3.76,3.19
315,6423,5,5,3,3,3,4,3,4,4,5,3,3,3,3,4,3,4,2,5,2,2,3,3,2,2,2,1,1,3,2,4,4,4,4,4,5,4,5,4,5,5,4,4,5,5,5,4,3.9,3.2,2.27,4.44,3.7
316,6424,5,5,4,5,5,5,5,2,4,5,4,4,3,2,3,3,5,3,3,4,2,3,2,3,2,2,2,3,1,2,2,5,5,5,4,4,4,4,3,3,5,4,4,3,5,4,5,4.5,3.4,2.18,4.19,3.7
317,6425,5,3,5,1,5,5,5,5,5,3,1,1,4,3,4,5,5,3,2,3,3,2,2,2,2,2,1,2,2,2,2,4,4,4,4,5,4,3,4,4,5,4,5,5,5,5,5,4.2,3.1,2,4.39,3.65
318,6426,5,4,5,5,5,5,5,5,5,5,3,3,3,2,4,3,4,4,4,4,3,3,3,2,3,3,2,4,3,3,4,5,5,5,5,5,5,5,5,5,5,5,5,5,5,5,5,4.9,3.4,3,5,4.26
319,6427,5,4,5,4,3,5,5,5,5,5,4,3,3,1,3,5,5,5,5,5,4,5,5,4,2,4,2,5,3,3,2,5,5,5,4,5,5,3,5,5,5,5,5,5,5,5,5,4.6,3.9,3.55,4.82,4.35
320,6428,4,4,3,4,5,5,5,5,5,5,3,3,3,1,1,5,5,4,5,3,3,2,2,2,2,2,1,1,2,2,2,4,4,4,4,4,4,4,3,4,4,4,4,4,4,4,4,4.5,3.3,1.91,3.94,3.52
321,6429,5,3,5,4,3,3,3,3,3,2,3,3,3,4,5,5,5,3,2,3,3,2,4,2,2,2,2,3,3,3,3,5,5,4,5,4,5,5,5,5,4,4,5,5,5,5,5,3.4,3.6,2.64,4.75,3.94
322,6471,5,5,5,5,5,5,5,5,5,5,2,3,5,4,5,3,3,3,5,5,5,5,5,3,3,1,1,3,5,5,5,4,4,4,4,4,4,3,3,3,4,4,4,3,5,5,1,5,3.8,3.73,3.69,3.89
323,6472,2,2,2,3,3,3,3,5,2,4,3,3,5,2,5,4,3,2,4,1,1,1,3,3,2,1,1,3,1,1,2,4,4,5,4,4,4,3,2,3,5,4,5,4,4,4,4,2.9,3.2,1.73,3.95,3.26
324,6473,5,4,2,2,4,4,4,2,4,4,4,3,2,3,3,3,4,2,4,4,2,2,1,2,2,1,2,2,1,2,3,4,4,4,4,4,4,2,3,4,4,4,4,4,4,4,4,3.5,3.2,1.82,3.82,3.29
325,6474,3,5,5,5,5,5,4,5,5,4,2,3,3,4,3,5,5,2,4,5,3,3,2,3,3,2,2,2,3,3,3,5,4,4,3,4,4,3,1,4,4,4,5,4,5,5,5,4.6,3.6,2.64,4.02,3.76
326,6475,2,2,4,3,3,3,2,4,2,3,2,3,3,2,3,3,4,3,2,2,3,4,3,2,3,3,3,2,2,4,4,4,3,4,5,5,4,2,3,3,5,3,5,4,5,4,5,2.8,2.7,3,4.01,3.36
327,6476,4,5,4,5,5,5,5,5,5,5,3,4,3,3,2,4,3,3,4,3,2,3,2,2,2,2,2,2,3,3,2,4,4,3,4,4,4,4,4,4,4,5,5,4,5,5,5,4.8,3.2,2.27,4.27,3.74
328,6500,3,1,3,5,5,5,3,1,2,3,4,3,3,1,4,2,4,2,4,4,1,1,1,1,1,1,1,1,2,2,3,5,4,5,5,5,5,4,5,5,5,5,5,5,5,5,5,3.1,3.1,1.36,4.88,3.62
329,6501,5,5,5,5,5,5,5,5,5,5,4,3,3,2,3,5,5,5,4,5,4,3,3,3,2,2,2,5,3,3,1,5,5,5,4,5,5,5,3,5,5,5,5,5,5,5,5,5,3.9,2.82,4.82,4.28
330,6502,5,3,3,4,5,5,5,2,5,5,4,3,4,5,4,4,3,3,3,3,2,2,2,3,2,3,1,1,2,2,3,4,4,4,4,4,4,4,4,5,4,3,4,4,5,3,1,4.2,3.6,2.09,3.8,3.52
331,6503,4,4,4,2,3,3,3,2,3,4,2,1,2,2,3,3,3,2,3,3,1,2,2,2,2,1,2,2,1,1,2,4,4,5,5,3,3,3,3,4,5,4,3,4,4,5,5,3.2,2.4,1.64,4.01,3.11
332,6504,5,5,5,5,4,4,4,3,3,4,5,3,3,3,2,3,3,2,4,5,3,4,3,2,4,2,2,2,3,3,3,4,4,4,4,5,4,2,1,4,3,4,2,2,5,5,5,4.2,3.3,2.82,3.63,3.49
333,6505,5,5,5,5,5,5,5,5,5,5,3,3,1,3,2,4,4,4,4,5,1,1,1,1,2,2,1,2,2,2,1,4,4,4,4,4,4,3,4,4,4,5,3,4,5,5,4,5,3.3,1.45,4.07,3.57
334,6506,1,3,4,2,2,2,2,3,3,3,2,2,3,3,2,4,3,3,3,2,2,2,2,1,1,1,1,2,1,2,1,4,4,4,4,3,4,3,2,4,4,4,3,4,3,4,4,2.5,2.7,1.45,3.63,2.89
335,6507,3,3,3,3,5,3,3,5,3,2,3,2,2,3,2,3,3,2,3,3,2,2,3,2,2,2,3,2,2,2,2,4,4,4,4,4,4,3,3,3,3,4,4,4,4,4,5,3.3,2.6,2.18,3.82,3.18
336,6508,3,1,3,3,3,3,3,2,3,2,1,2,2,1,1,3,3,3,1,3,2,1,1,3,1,1,1,2,1,1,1,4,4,4,4,4,4,3,1,2,3,4,3,4,4,4,3,2.6,2,1.36,3.45,2.63
337,6509,3,3,4,3,3,3,3,3,3,3,3,3,4,2,3,3,3,3,3,4,2,2,2,2,2,2,2,2,2,2,2,4,4,4,4,2,4,2,1,3,4,4,3,2,4,2,2,3.1,3.1,2,3.05,2.9
338,6510,4,4,4,4,4,4,4,4,4,4,4,3,4,5,5,4,5,4,5,5,3,5,5,3,5,2,2,3,3,2,2,5,5,5,4,4,5,3,4,4,4,5,4,5,5,5,4,4,4.4,3.18,4.45,4.17
339,6511,5,5,4,5,5,5,5,5,4,4,3,3,5,3,5,5,5,5,3,5,4,4,3,3,3,5,5,5,3,3,5,4,4,5,4,5,5,5,5,5,5,5,5,5,5,5,5,4.7,4.2,3.91,4.82,4.5
340,6512,2,1,3,1,1,3,1,3,3,3,2,1,3,2,2,3,2,1,3,3,1,2,3,2,1,1,1,1,2,2,3,4,4,4,4,5,1,2,1,3,4,4,1,2,4,4,4,2.1,2.2,1.73,3.19,2.56
341,6513,3,3,4,3,3,3,3,3,3,3,3,3,2,2,3,3,3,2,3,3,2,3,3,2,2,2,2,2,2,2,3,4,4,4,4,5,4,3,3,4,5,5,4,4,5,4,5,3.1,2.7,2.27,4.2,3.36
342,6514,3,3,4,3,3,3,3,1,5,5,2,2,1,1,1,3,2,2,1,1,1,1,1,1,1,2,1,2,1,1,1,4,4,4,4,3,3,3,1,3,3,4,2,4,4,4,1,3.3,1.6,1.18,3.19,2.47
343,6515,3,3,3,3,3,3,3,3,3,3,3,3,3,2,3,3,3,3,3,3,3,2,3,2,2,2,2,3,1,1,1,4,4,4,4,4,4,4,2,3,4,5,5,4,5,5,5,3,2.9,2,4.15,3.33
344,6516,2,2,4,1,1,1,1,1,1,2,1,1,2,2,1,3,2,2,3,3,1,2,2,1,2,1,2,1,1,1,1,4,4,4,4,4,5,3,5,5,4,5,5,5,4,4,5,1.6,2,1.36,4.38,2.93
345,6517,5,5,5,5,5,5,5,5,5,5,4,3,4,5,4,4,4,4,5,3,3,3,4,3,3,3,4,3,3,3,2,5,4,5,5,4,5,5,4,5,4,4,4,5,5,5,5,5,4,3.09,4.63,4.27
346,6518,3,3,4,1,3,3,3,3,3,3,3,3,2,2,3,5,3,2,2,2,1,2,2,1,2,1,1,3,1,1,1,4,4,4,4,4,5,3,3,3,4,5,4,4,4,4,4,2.9,2.7,1.45,3.95,3.09
347,6519,5,2,3,5,5,5,5,3,5,4,3,3,1,3,5,5,3,2,5,2,2,2,4,3,2,2,2,2,3,3,3,5,5,5,4,4,5,2,3,3,4,5,2,5,4,5,4,4.2,3.2,2.55,4.07,3.62
348,6520,5,5,5,5,4,5,5,5,5,5,4,3,4,2,4,5,5,4,5,3,4,4,3,5,5,4,3,5,3,3,3,5,4,5,4,5,5,3,3,3,4,4,5,4,5,5,5,4.9,3.9,3.82,4.32,4.21
349,6521,3,3,3,3,3,3,3,3,3,5,3,3,3,4,3,5,4,3,4,4,4,4,3,3,2,2,2,3,2,2,4,4,4,4,4,4,4,3,4,4,4,5,5,5,4,4,3,3.2,3.6,2.82,4.07,3.63
350,6522,5,5,5,5,5,5,5,5,5,5,4,3,4,4,4,4,4,3,5,5,4,5,5,3,4,2,2,4,2,2,3,5,5,5,5,5,5,3,4,3,5,5,5,4,5,5,5,5,4,3.27,4.63,4.3
351,6523,5,4,4,5,5,5,4,4,5,5,3,3,2,3,1,3,3,2,3,3,2,2,2,2,2,2,2,2,2,2,2,4,4,4,4,4,3,3,3,3,4,4,4,4,4,4,2,4.6,2.6,2,3.63,3.23
352,6524,2,2,2,2,2,2,1,2,1,1,1,1,2,3,2,2,3,2,2,3,1,1,1,1,3,1,1,1,1,1,1,4,4,4,4,5,5,2,2,4,5,4,4,4,4,4,5,1.7,2.1,1.18,4.01,2.76
353,6525,3,2,3,1,3,3,2,3,1,3,3,2,2,2,3,3,3,2,2,3,1,2,2,1,1,1,1,2,1,1,1,4,4,4,4,4,5,4,3,4,3,4,4,4,4,4,4,2.4,2.5,1.27,3.94,2.94
354,6526,5,5,5,5,5,5,5,4,4,3,4,4,2,4,3,2,2,2,3,3,2,2,1,1,1,1,1,1,1,1,1,4,4,4,4,4,4,4,3,4,4,4,3,3,5,5,5,4.6,2.9,1.18,4.01,3.34
355,6527,4,4,4,4,4,4,4,4,4,4,4,3,4,2,4,3,4,3,3,3,3,3,4,3,2,2,2,3,2,2,2,4,4,4,5,4,4,4,4,3,4,4,4,3,5,5,5,4,3.3,2.55,4.13,3.65
356,6528,5,5,5,5,5,5,5,5,5,5,3,3,3,3,3,3,3,3,3,3,3,3,4,3,3,1,1,1,3,3,3,4,5,5,5,5,4,4,4,4,5,4,4,5,5,5,5,5,3,2.55,4.57,3.9
357,6529,5,5,5,4,5,5,5,5,5,5,3,3,3,2,3,4,3,2,3,3,2,3,4,2,3,2,2,2,3,3,3,5,5,5,5,5,4,5,3,5,5,5,4,5,5,5,5,4.9,2.9,2.64,4.75,3.96
358,6571,5,5,5,5,5,5,5,5,5,5,3,3,4,3,5,5,5,4,5,5,3,3,3,3,3,3,2,5,3,3,3,5,5,5,5,5,5,5,5,5,5,5,5,5,5,5,5,5,4.2,3.09,5,4.49
359,6572,5,5,5,5,5,5,5,5,5,5,4,3,3,4,3,5,5,3,5,5,4,5,4,3,4,4,2,4,3,3,3,5,4,4,5,5,4,3,4,3,4,5,5,5,5,5,5,5,4,3.55,4.46,4.26
360,6573,5,5,4,5,4,4,4,3,5,5,3,3,3,3,3,5,3,2,2,4,2,3,2,3,3,3,2,3,3,3,3,5,4,4,4,5,5,4,3,3,5,5,5,5,4,5,5,4.4,3.1,2.73,4.45,3.82
361,6574,5,5,3,4,5,4,3,4,4,3,3,3,2,3,4,3,2,2,4,3,3,2,2,2,2,2,2,2,2,4,2,5,4,5,4,5,5,3,3,3,5,4,5,5,4,5,5,4,2.9,2.27,4.38,3.62
362,6575,3,3,4,3,4,4,4,3,3,3,1,1,3,3,3,3,3,3,4,3,1,1,1,1,1,1,1,1,1,1,1,4,4,4,4,4,5,4,3,4,4,4,4,4,4,4,4,3.4,2.7,1,4,3.1
363,6576,4,4,4,4,4,4,4,4,4,4,3,4,4,3,3,3,3,3,3,4,4,3,3,3,3,3,3,3,2,2,3,4,4,4,4,4,4,4,4,3,3,4,4,5,5,4,5,4,3.3,2.91,4.08,3.68
364,6577,5,5,4,4,4,4,4,4,5,5,5,5,3,3,1,4,4,3,5,4,2,3,4,3,2,2,1,2,3,3,3,4,4,4,4,4,3,4,3,3,4,4,3,4,5,4,4,4.4,3.7,2.55,3.82,3.65
365,6578,5,5,4,4,5,5,5,5,5,5,4,3,4,5,5,4,4,4,5,5,4,5,4,3,4,3,4,5,3,3,5,4,4,4,4,5,5,4,5,5,5,4,5,5,5,5,5,4.8,4.3,3.91,4.63,4.45
366,6579,3,3,3,3,4,3,3,3,3,3,3,3,3,3,3,4,3,3,3,3,3,4,3,3,2,2,2,3,1,1,1,4,4,4,4,4,4,3,3,3,5,4,3,5,4,4,5,3.1,3.1,2.27,3.95,3.35
367,6600,3,3,3,3,3,3,3,3,3,5,2,2,3,4,3,3,3,3,5,4,1,5,1,1,3,1,1,1,1,1,1,5,5,5,5,5,4,3,4,5,5,4,4,5,5,5,5,3.2,3.2,1.55,4.63,3.58
368,6601,3,3,4,3,3,3,3,3,3,4,2,2,2,1,1,3,1,1,2,2,1,1,2,2,2,1,1,1,1,1,1,4,4,4,4,2,4,3,3,3,3,4,3,2,4,4,5,3.2,1.7,1.27,3.51,2.65
369,6602,4,4,4,4,3,3,2,3,3,3,3,2,3,2,3,3,3,2,4,2,1,3,3,3,1,1,3,2,3,3,2,4,4,1,4,1,4,1,2,3,3,4,1,4,4,5,4,3.3,2.7,2.27,3.08,2.88
370,6603,1,1,1,1,1,1,1,1,1,2,1,1,1,1,1,2,1,1,1,1,1,1,1,1,1,1,1,1,1,1,1,4,4,4,4,4,2,2,1,2,3,4,2,1,3,3,3,1.1,1.1,1,2.87,1.89
371,6604,3,3,3,3,3,3,3,3,3,4,1,1,2,1,2,3,4,1,3,1,1,1,1,1,1,1,1,1,1,1,1,4,4,4,4,3,4,3,1,2,4,4,3,2,4,4,5,3.1,1.9,1,3.45,2.61
372,6605,4,3,3,5,3,3,3,3,4,5,2,2,1,2,1,3,1,2,2,1,1,3,1,1,2,1,1,1,1,1,1,4,4,4,5,4,4,3,3,3,3,4,3,4,1,5,5,3.6,1.7,1.27,3.69,2.78
373,6606,4,4,4,3,3,3,3,3,3,3,3,3,3,3,3,3,3,1,2,4,1,3,3,1,2,2,3,2,1,1,1,4,4,3,4,4,3,2,2,3,4,4,3,4,3,3,5,3.3,2.8,1.82,3.45,3
374,6607,3,3,3,3,3,2,3,3,3,3,3,1,4,3,5,3,2,2,4,2,1,4,3,3,2,1,1,2,1,1,1,1,1,4,4,2,1,2,1,3,1,4,1,3,3,3,3,2.9,2.9,1.82,2.33,2.46
375,6608,1,1,3,2,1,3,1,1,3,2,1,1,2,2,1,1,2,1,2,2,1,1,1,1,1,1,2,1,1,1,1,4,4,4,4,1,4,3,1,3,3,4,2,2,3,4,4,1.8,1.5,1.09,3.13,2.21
376,6609,3,1,4,1,3,3,3,2,1,2,1,1,2,1,2,1,1,1,1,1,1,1,1,3,2,1,1,1,1,1,1,2,4,4,3,3,3,3,1,4,3,3,3,4,4,3,4,2.3,1.2,1.27,3.2,2.26
377,6610,4,4,3,4,5,4,4,4,4,4,2,1,2,3,4,3,2,3,3,3,1,1,1,1,1,1,1,1,1,1,1,4,4,4,4,3,4,4,3,3,3,4,4,4,4,4,4,4,2.6,1,3.76,3.05
378,6611,3,2,3,4,3,3,3,3,3,3,3,3,3,2,3,4,3,3,5,3,3,1,4,3,2,2,2,3,2,2,1,3,4,4,4,4,4,3,2,3,3,3,4,2,3,4,3,3,3.2,2.27,3.31,3.07
379,6612,1,1,1,1,1,1,1,2,1,3,1,1,1,1,1,2,1,2,2,2,2,2,2,1,1,1,1,1,1,1,1,3,3,3,4,4,4,3,3,3,3,3,2,3,3,3,3,1.3,1.4,1.27,3.12,2.15
380,6671,2,2,4,4,3,4,4,4,4,4,4,3,3,5,1,4,2,3,3,3,2,4,2,3,1,3,1,4,1,1,3,4,4,4,4,4,4,3,4,3,4,4,4,4,5,5,4,3.5,3.1,2.27,4.01,3.43
381,6672,3,3,5,4,4,3,4,5,3,5,2,2,3,5,4,4,4,2,4,3,1,2,2,2,3,2,1,3,3,2,4,3,3,3,5,3,5,3,5,2,3,5,3,4,4,3,3,3.9,3.3,2.27,3.57,3.33
382,6700,2,3,1,2,2,3,3,2,3,2,3,3,1,3,1,3,3,1,3,2,2,2,2,2,2,2,2,2,2,2,2,3,3,3,3,3,4,1,3,3,3,4,3,3,5,5,5,2.3,2.3,2,3.4,2.75
383,6701,2,1,1,1,2,2,1,1,1,3,2,1,1,2,1,1,1,1,1,3,1,1,1,1,1,1,1,1,1,1,1,4,4,4,4,4,4,3,3,3,3,4,2,2,1,4,4,1.5,1.4,1,3.3,2.21
384,6702,3,3,2,2,3,2,3,2,3,2,1,1,1,1,1,2,1,1,2,1,1,1,1,1,1,1,1,1,1,1,1,4,4,3,4,4,4,2,1,3,4,4,2,2,3,3,3,2.5,1.2,1,3.12,2.21
385,6703,3,3,3,3,4,4,3,2,4,3,1,3,1,2,2,4,1,1,3,3,3,3,3,3,2,3,2,4,1,3,1,4,4,4,4,4,4,3,3,4,4,4,3,4,5,5,5,3.2,2.1,2.55,4.01,3.19
386,6704,3,3,3,3,3,3,3,3,3,3,1,1,2,2,1,5,3,3,4,4,1,1,3,1,2,3,1,3,1,1,1,4,4,4,4,3,4,3,3,4,3,4,4,4,5,5,5,3,2.6,1.64,3.96,3.11
387,6705,3,2,3,1,2,2,2,3,3,3,1,2,2,2,2,2,3,2,2,1,2,2,2,1,2,1,1,1,1,1,1,4,4,4,4,3,4,2,3,3,3,4,2,4,3,3,4,2.4,1.9,1.36,3.37,2.55
388,6706,3,3,4,3,4,3,3,2,4,4,1,3,2,1,1,3,3,2,2,3,1,1,1,1,2,1,1,1,1,1,1,4,4,4,4,4,4,3,2,1,2,4,2,2,3,3,5,3.3,2.1,1.09,3.19,2.58
389,6707,1,1,1,2,2,1,1,2,2,2,1,3,1,1,1,1,1,1,1,1,1,1,1,1,1,1,1,1,1,1,1,4,4,4,4,3,4,3,3,3,4,4,1,4,5,4,4,1.5,1.2,1,3.63,2.31
390,6708,3,3,4,5,3,3,3,3,3,5,1,1,2,2,1,1,1,1,2,2,1,1,1,1,1,1,1,1,1,1,1,4,4,4,4,4,4,3,3,3,3,4,2,4,5,3,3,3.5,1.4,1,3.56,2.59
391,6709,3,2,3,1,1,1,1,1,3,3,1,1,2,1,1,2,3,1,2,3,1,1,1,1,1,1,1,1,1,1,1,4,4,4,4,4,4,3,3,3,4,4,1,2,4,5,5,1.9,1.7,1,3.62,2.48
392,6710,3,3,3,3,2,3,2,3,3,3,2,2,1,1,1,2,2,1,1,1,1,1,1,1,1,1,1,1,1,1,1,4,4,4,4,4,4,3,3,3,3,4,2,2,4,3,4,2.8,1.4,1,3.43,2.44
393,6711,4,3,3,3,3,5,3,3,3,3,3,2,2,2,3,3,3,3,3,3,2,3,2,2,2,2,2,2,1,1,1,4,4,4,4,4,4,4,3,3,3,4,2,4,4,3,3,3.3,2.7,1.82,3.55,3.02
394,6712,1,1,1,1,1,1,1,1,1,3,1,1,1,1,1,1,1,1,1,1,1,1,1,1,1,1,1,1,1,1,1,4,4,4,4,2,4,1,1,3,1,4,3,4,4,2,2,1.2,1,1,2.95,1.91
395,6713,1,1,1,1,1,1,1,1,1,4,1,1,1,1,1,1,1,1,1,1,1,1,1,1,1,1,1,1,1,1,1,4,4,4,4,1,2,3,1,2,4,1,3,4,3,2,3,1.3,1,1,2.81,1.86
396,6771,3,3,3,3,3,3,3,2,3,3,3,3,3,2,3,3,3,3,3,2,2,3,3,2,2,1,1,1,1,1,1,4,4,4,4,3,4,3,3,3,4,4,3,5,3,5,3,2.9,2.8,1.64,3.69,3.03
397,6800,3,3,3,3,3,3,2,3,1,2,2,1,1,2,2,2,2,2,1,1,1,1,1,1,1,1,1,1,1,1,1,4,4,4,5,5,5,3,3,3,5,5,2,2,5,5,3,2.6,1.6,1,3.93,2.69
398,6801,3,3,4,3,3,3,3,3,3,2,2,2,1,2,2,3,3,3,3,1,1,2,2,1,2,1,1,2,1,1,1,5,5,4,5,3,4,3,3,2,4,5,3,4,5,3,2,3,2.2,1.36,3.75,2.87
399,6802,3,3,3,3,3,3,4,3,3,3,2,2,2,3,4,3,3,2,3,4,1,1,1,1,2,2,1,1,2,2,3,4,4,4,5,4,4,4,3,3,3,4,3,4,5,4,4,3.1,2.8,1.55,3.88,3.12
400,6803,4,4,4,1,4,4,4,4,4,4,3,3,1,3,4,2,2,3,2,1,2,1,2,2,2,1,1,2,1,1,1,4,4,4,4,4,4,3,3,4,4,4,2,4,4,5,5,3.7,2.4,1.45,3.88,3.09
401,6804,3,3,3,3,5,3,3,5,5,3,3,3,1,2,5,5,4,5,2,3,1,2,2,3,2,3,3,3,1,1,1,5,4,4,1,4,5,3,5,4,4,4,4,5,4,5,5,3.6,3.3,2,4.14,3.51
402,6805,1,1,3,3,3,3,3,1,1,3,1,1,2,1,1,3,3,3,2,2,1,1,1,1,1,1,1,1,1,1,1,4,4,4,5,4,5,3,1,4,4,4,4,4,4,4,4,2.2,1.9,1,3.88,2.69
403,6806,2,2,2,3,3,3,3,2,3,3,1,1,2,2,1,1,3,1,2,3,1,1,1,1,2,1,1,1,1,1,1,4,4,4,4,4,4,3,2,3,4,4,4,2,4,4,4,2.6,1.7,1.09,3.63,2.59
404,6807,3,3,4,3,3,3,3,3,3,3,3,3,2,3,2,3,4,3,2,3,3,1,2,2,3,3,1,2,2,3,2,4,4,3,4,3,4,3,3,3,4,4,3,4,5,5,5,3.1,2.8,2.18,3.83,3.21
405,6808,2,2,3,3,3,3,3,3,3,3,1,1,1,1,1,1,1,1,2,1,1,1,1,1,1,1,1,1,1,1,1,4,4,4,4,4,4,3,2,3,3,4,2,2,3,3,3,2.8,1.1,1,3.24,2.28
406,6809,2,2,1,1,2,2,1,2,1,3,1,1,1,1,1,2,2,2,2,3,1,1,1,1,1,1,1,1,1,1,1,4,4,4,4,4,2,3,2,2,3,4,2,2,4,3,2,1.7,1.6,1,3.05,2.18
407,6810,3,3,3,3,5,3,3,3,3,5,2,3,3,2,3,3,3,2,4,1,2,2,3,3,2,2,2,3,2,2,2,4,4,4,4,3,4,3,4,3,4,4,3,4,5,4,3,3.4,2.6,2.27,3.75,3.17
408,6811,3,3,3,3,3,3,3,3,3,3,2,2,3,3,1,1,3,1,2,1,2,2,2,3,2,2,1,2,1,1,1,4,4,3,4,3,3,3,1,3,4,4,3,4,3,4,4,3,1.9,1.73,3.38,2.69
409,6871,5,5,5,5,5,5,5,5,5,5,3,3,3,3,4,4,4,4,5,4,2,2,2,2,3,2,2,2,2,2,2,5,5,5,5,4,5,3,3,5,5,5,3,5,5,5,5,5,3.7,2.09,4.57,4
410,6872,2,2,3,3,3,3,3,2,3,3,3,3,1,2,1,3,3,2,1,3,2,2,2,1,2,1,1,2,1,1,1,4,4,4,4,4,4,3,1,3,3,4,2,4,4,3,3,2.7,2.2,1.45,3.37,2.68
411,6900,3,3,4,3,3,3,3,2,3,3,1,3,1,2,1,3,3,2,2,1,1,2,1,1,2,3,1,1,1,3,2,4,4,4,4,3,4,3,3,3,3,4,4,4,5,5,5,3,1.9,1.64,3.9,2.91
412,6901,4,4,4,4,4,2,2,3,4,2,1,1,1,1,1,2,2,2,2,1,1,1,1,1,1,1,1,1,1,1,1,4,4,4,4,3,4,3,2,3,3,4,4,4,3,3,4,3.3,1.4,1,3.51,2.54
413,6902,3,3,3,3,3,3,3,2,3,4,2,3,1,3,3,3,3,3,2,3,3,2,2,2,2,2,3,3,1,1,1,4,4,4,4,3,4,3,2,3,4,4,2,4,3,3,3,3,2.6,2,3.37,2.9
414,6904,3,2,3,2,3,3,3,3,3,3,2,3,2,2,1,2,2,2,2,1,1,1,1,1,1,1,1,1,1,1,1,4,4,4,3,1,1,2,1,3,1,4,2,3,1,1,1,2.8,1.9,1,2.24,2.02
415,6907,1,2,2,1,2,2,2,2,1,3,1,1,3,1,1,2,2,2,3,1,1,2,2,3,1,1,1,3,1,1,1,4,4,4,4,4,4,3,3,2,4,4,3,3,4,3,3,1.8,1.7,1.55,3.49,2.5
416,6908,3,3,4,3,3,3,3,3,3,3,3,3,2,1,1,3,3,2,2,3,3,3,3,3,2,2,3,3,3,2,1,4,4,3,4,4,4,3,3,3,4,4,4,4,5,5,5,3.1,2.3,2.55,3.96,3.2
417,6910,3,3,3,3,3,3,3,3,3,3,3,3,2,3,2,1,2,1,1,1,2,2,3,3,2,1,1,1,1,1,1,4,4,4,4,4,3,2,3,3,3,4,3,4,5,5,5,3,1.9,1.64,3.77,2.85
418,6912,1,1,1,1,1,1,1,1,1,1,1,1,1,1,1,1,1,1,1,1,1,1,1,1,1,1,1,1,1,1,1,1,1,1,4,1,1,1,1,1,1,1,1,2,1,1,1,1,1,1,1.25,1.11
419,6971,3,3,5,3,3,3,3,2,3,3,1,1,2,1,5,3,4,5,4,3,1,1,1,1,2,1,1,1,1,1,1,4,4,4,4,4,4,2,3,3,4,4,5,4,5,5,5,3.1,2.9,1.09,4.02,3.14
420,6972,4,4,5,5,4,4,5,5,5,5,5,3,4,3,4,3,4,4,3,4,2,2,2,2,3,3,2,3,2,2,2,4,4,4,4,4,4,4,4,4,4,4,4,4,5,5,3,4.6,3.7,2.27,4.07,3.75
421,6973,3,3,3,2,3,3,3,3,3,3,2,2,1,2,2,3,3,1,2,2,2,1,1,1,1,1,1,2,2,2,2,4,4,4,4,4,4,3,3,3,3,4,4,4,5,3,4,2.9,2,1.45,3.76,2.83
422,7000,2,3,4,2,3,3,3,3,3,3,1,1,2,1,1,2,3,1,2,3,1,2,3,2,1,1,1,1,2,1,2,4,4,4,1,3,4,2,4,1,3,4,1,2,2,4,1,2.9,1.7,1.55,2.74,2.3
423,7001,2,2,2,2,2,3,2,3,1,2,1,1,1,1,1,1,1,2,2,1,1,1,1,1,1,1,1,1,1,1,1,4,4,4,4,2,1,3,1,1,2,4,1,2,3,1,1,2.1,1.2,1,2.36,1.81
424,7002,2,2,5,5,4,4,4,4,2,4,3,3,3,4,3,3,3,3,4,3,4,4,3,3,3,2,3,3,1,1,3,4,4,4,4,4,4,4,2,2,4,4,4,4,5,5,5,3.6,3.2,2.73,3.96,3.52
425,7003,3,3,3,3,3,3,3,3,3,5,1,1,1,2,1,2,2,1,3,3,2,1,1,2,1,1,1,1,1,1,1,4,4,3,4,3,2,1,3,3,1,2,1,3,3,4,3,3.2,1.7,1.18,2.75,2.29
426,7004,1,1,1,1,1,1,1,1,1,2,1,1,2,1,1,2,3,1,1,2,1,1,1,1,1,1,1,1,1,1,1,4,1,4,4,4,4,3,4,3,3,4,1,3,4,4,3,1.1,1.5,1,3.31,2.19
427,7005,3,3,3,3,3,3,2,2,3,3,1,2,1,1,1,2,3,1,3,1,1,1,1,1,1,1,1,1,1,1,1,4,4,4,3,3,4,2,1,1,1,4,2,2,3,3,3,2.8,1.6,1,2.75,2.18
428,7006,3,3,3,3,3,3,3,3,3,3,3,3,1,2,2,2,2,1,4,4,2,2,2,2,2,1,1,1,1,3,3,4,4,4,4,4,3,3,2,3,2,3,4,2,1,3,3,3,2.4,1.82,3.05,2.68
429,7007,2,2,3,2,3,3,1,2,1,2,2,2,2,1,1,1,3,1,1,1,1,1,1,2,2,1,1,2,1,1,1,4,4,4,4,4,1,4,1,3,4,1,3,2,4,1,3,2.1,1.5,1.27,2.92,2.19
430,7008,2,2,3,1,1,3,2,3,3,3,1,1,1,1,1,1,3,1,1,1,1,1,1,1,1,1,1,1,1,1,1,4,4,4,4,3,4,3,2,3,1,4,1,2,3,5,2,2.3,1.2,1,3.05,2.15
431,7009,4,3,3,2,3,3,3,3,3,3,3,3,3,2,1,2,3,2,2,3,3,2,3,2,2,3,2,1,2,3,3,4,4,4,4,3,4,3,1,3,3,4,4,3,2,2,3,3,2.4,2.36,3.18,2.83
432,7012,2,3,2,3,2,2,2,1,3,1,1,2,2,1,1,2,2,1,2,3,1,2,1,1,1,1,1,1,3,3,2,4,4,4,4,3,4,2,1,3,4,4,1,2,3,4,2,2.1,1.7,1.55,3.05,2.34
433,7013,3,3,3,3,3,3,2,2,3,3,1,1,2,1,1,2,2,1,2,3,1,1,1,1,1,1,1,1,1,1,1,4,4,4,4,3,4,3,4,3,4,4,2,2,4,1,4,2.8,1.6,1,3.36,2.46
434,7071,3,3,4,3,4,4,3,3,3,3,1,2,1,1,1,2,2,1,2,3,2,2,2,2,2,2,2,2,2,1,1,4,4,4,5,4,4,4,3,5,4,3,4,4,4,4,4,3.3,1.6,1.82,3.99,2.95
435,7072,3,4,3,2,3,2,3,2,3,2,3,2,1,4,5,2,3,2,3,3,3,4,3,2,2,3,3,1,2,2,2,3,3,2,4,2,3,3,2,3,2,3,4,3,5,2,4,2.7,2.8,2.45,3.02,2.83
436,7073,3,3,2,3,3,3,2,3,3,3,1,2,4,2,4,3,3,3,3,2,2,3,2,2,2,2,2,2,3,3,2,4,4,4,4,4,4,3,3,3,3,4,4,3,3,2,4,2.8,2.7,2.27,3.49,3
437,7074,3,3,4,3,3,5,3,2,3,3,3,3,2,2,3,3,2,3,2,3,2,2,2,2,2,2,2,2,1,1,1,3,3,3,4,3,1,2,3,3,1,4,4,2,4,4,4,3.2,2.6,1.73,3.02,2.73
438,7100,3,3,5,3,5,5,5,5,5,5,3,3,2,5,1,3,4,4,4,1,3,3,1,2,2,3,3,2,3,3,1,4,4,4,4,3,1,3,3,3,4,4,3,4,3,3,3,4.4,3,2.36,3.31,3.22
439,7101,3,2,3,3,4,3,3,3,1,3,2,2,2,1,1,3,3,3,3,2,1,1,2,3,3,1,1,1,1,1,1,4,4,4,4,4,4,3,2,3,4,3,3,1,3,4,4,2.8,2.2,1.45,3.36,2.68
440,7102,1,1,1,1,1,1,1,1,1,1,1,1,1,1,1,1,1,1,1,1,1,1,1,1,1,1,1,1,1,1,1,4,4,4,4,3,4,3,1,3,3,4,2,4,4,4,1,1,1,1,3.25,2.02
441,7103,2,2,3,1,1,1,1,1,1,2,3,1,2,2,1,1,3,1,1,1,1,1,1,1,1,1,1,1,1,1,1,4,4,4,4,4,3,3,4,4,4,4,1,4,4,3,4,1.5,1.6,1,3.62,2.41
442,7104,3,4,4,4,4,4,4,3,4,4,2,1,2,3,1,2,3,1,2,3,1,2,2,2,2,1,1,1,1,1,1,4,4,4,4,4,4,3,3,4,4,4,3,4,4,4,4,3.8,2,1.36,3.81,2.95
443,7105,3,3,3,3,3,3,3,3,3,3,3,1,3,2,1,3,3,1,3,3,2,2,2,1,2,1,1,1,1,1,1,3,3,3,4,3,4,2,3,3,3,4,2,4,4,3,3,3,2.3,1.36,3.19,2.64
444,7171,3,3,3,3,3,3,3,3,3,3,1,1,1,1,1,3,3,4,2,3,1,1,1,1,1,1,1,1,1,1,1,4,4,4,4,4,4,3,1,3,3,4,1,4,4,3,4,3,2,1,3.37,2.59
445,7200,3,3,3,3,3,3,3,3,3,4,4,3,3,2,4,3,3,2,4,4,2,3,3,2,2,2,2,2,2,4,3,4,4,4,3,3,4,3,3,3,3,4,3,3,3,3,4,3.1,3.2,2.45,3.37,3.14
446,7201,3,3,3,3,3,3,3,3,3,3,3,3,3,3,1,2,2,1,2,1,1,1,1,1,1,1,1,1,1,1,1,4,1,4,4,2,1,3,1,3,1,5,2,2,2,1,1,3,2.1,1,2.31,2.13
447,7202,1,1,1,1,1,1,1,1,1,1,1,1,1,1,1,1,1,1,1,1,1,1,1,1,1,1,1,1,1,1,1,1,1,1,4,4,1,4,1,1,1,1,1,2,5,5,5,1,1,1,2.4,1.64
448,7203,3,3,4,3,3,3,3,2,3,3,1,1,1,1,1,2,2,1,2,3,1,1,1,1,1,1,1,1,1,1,1,4,4,4,4,3,1,4,1,2,3,4,1,2,5,1,1,3,1.5,1,2.74,2.18
449,7204,4,4,4,4,4,4,4,4,4,4,3,3,3,3,1,3,3,2,4,2,2,3,3,2,3,3,2,3,2,2,1,4,4,4,4,4,4,4,2,4,3,4,2,4,5,3,3,4,2.7,2.36,3.62,3.23
450,7205,4,4,4,4,4,4,4,4,4,3,1,1,1,1,3,4,4,3,4,3,1,1,1,1,1,1,1,1,1,1,1,4,4,4,4,3,4,3,3,3,3,5,3,3,5,2,5,3.9,2.5,1,3.63,2.95
451,7206,3,3,3,3,3,3,3,2,3,3,3,3,2,2,1,3,3,2,3,3,1,2,1,1,2,1,1,1,1,1,1,4,4,4,4,2,4,4,3,4,2,4,3,4,5,3,5,2.9,2.5,1.18,3.7,2.88
452,7207,3,3,4,3,3,3,3,3,3,3,1,1,1,1,1,1,2,1,1,2,1,1,1,1,1,1,1,1,1,1,1,4,4,4,4,4,5,3,1,1,3,5,2,4,5,1,1,3.1,1.2,1,3.18,2.32
453,7208,3,3,4,3,4,3,3,3,3,3,2,2,2,1,2,2,2,1,2,2,1,1,1,1,1,1,1,1,1,1,1,4,4,4,4,4,4,3,3,3,3,4,1,4,4,5,4,3.2,1.8,1,3.63,2.68
454,7209,3,3,2,1,3,3,3,3,3,3,1,1,1,1,1,1,1,1,1,1,1,1,1,1,1,1,1,1,1,1,1,4,4,2,4,3,4,3,2,4,2,4,2,2,2,1,5,2.7,1,1,2.99,2.13
455,7210,1,1,3,1,1,2,1,2,1,2,2,2,1,1,2,2,1,1,2,1,1,1,1,1,1,1,1,1,1,1,1,4,4,4,4,3,1,3,2,3,4,4,2,2,5,2,3,1.5,1.5,1,3.12,2.16
456,7211,2,3,3,1,1,1,1,2,1,3,1,1,1,1,1,1,1,1,1,1,1,1,1,1,1,1,1,1,1,1,1,1,1,1,1,4,4,1,1,4,1,1,2,4,1,1,1,1.8,1,1,1.81,1.47
457,7212,2,2,2,1,3,2,2,1,1,1,1,1,1,1,1,2,3,2,3,2,1,1,1,1,1,1,1,1,1,1,1,4,4,4,4,3,4,3,1,3,2,4,1,4,2,1,1,1.7,1.7,1,2.79,2.08
458,7271,3,3,3,3,3,3,3,3,3,3,1,2,2,1,1,1,3,1,2,3,1,1,1,1,2,1,1,1,1,1,2,4,4,4,4,4,4,3,1,3,4,4,2,3,3,4,3,3,1.7,1.18,3.37,2.54
459,7300,3,2,2,2,3,3,3,2,2,4,3,3,3,4,1,3,3,2,2,4,2,2,2,2,2,2,1,2,1,1,4,4,4,3,4,4,4,4,4,4,4,5,4,2,3,3,5,2.6,2.8,1.91,3.81,3.09
460,7301,5,3,4,1,5,4,5,2,3,5,5,3,3,3,1,3,3,3,3,1,1,1,1,1,1,1,1,1,1,1,1,4,4,4,4,3,4,2,4,2,3,4,3,2,1,3,4,3.7,2.8,1,3.18,2.79
461,7302,3,3,3,3,3,3,3,3,3,3,1,3,2,1,2,3,3,2,2,1,1,2,2,2,2,2,1,1,3,3,3,4,4,4,4,4,3,2,3,3,3,4,3,4,4,1,2,3,2,2,3.24,2.7
462,7303,3,3,3,2,3,3,3,3,3,3,3,3,2,1,1,2,2,2,1,1,1,1,1,1,1,1,1,1,1,1,1,4,4,4,4,4,4,2,3,4,4,4,3,4,4,4,3,2.9,1.8,1,3.69,2.67
463,7305,5,4,3,3,3,3,3,2,3,3,3,3,1,2,1,3,3,1,2,2,3,2,2,3,2,1,1,1,1,2,1,4,4,4,4,5,4,3,2,2,4,4,1,4,4,4,4,3.2,2.1,1.73,3.56,2.85
464,7306,3,3,2,2,1,3,3,2,3,1,1,1,1,1,1,1,2,1,1,1,1,1,1,1,1,1,1,1,1,1,1,2,1,2,2,2,4,2,2,3,2,4,1,2,1,1,3,2.3,1.1,1,2.12,1.7
465,7307,3,2,4,2,1,3,3,3,3,3,1,2,2,2,1,2,2,2,2,3,1,1,1,1,1,1,1,1,1,1,1,4,4,4,4,3,4,3,4,3,3,4,3,2,3,4,3,2.7,1.9,1,3.43,2.55
466,7309,2,2,2,2,2,2,2,2,2,3,2,2,2,2,1,3,2,2,2,3,1,1,1,1,1,1,1,1,1,1,1,4,4,4,4,4,4,2,3,3,4,4,2,4,4,4,3,2.1,2.1,1,3.56,2.58
467,7310,3,1,3,2,3,3,2,3,3,3,2,2,2,3,1,2,3,3,2,3,1,1,1,1,1,1,1,1,1,1,1,3,4,4,4,3,4,3,4,4,4,3,3,4,3,3,3,2.6,2.3,1,3.49,2.67
468,7311,3,2,4,2,3,3,3,2,3,3,2,2,4,1,2,2,1,2,1,2,1,1,1,1,1,1,1,1,1,1,1,4,3,4,4,4,4,2,2,4,2,3,2,2,2,3,1,2.8,1.9,1,2.85,2.3
469,7312,4,3,3,5,3,3,3,3,3,3,3,3,2,2,3,3,3,2,3,2,2,2,1,2,2,2,2,2,1,1,2,4,4,4,4,4,4,4,4,3,3,4,2,4,2,5,4,3.3,2.6,1.73,3.68,3.04
470,7313,4,4,4,4,4,4,4,4,4,4,1,2,1,2,2,2,3,3,1,2,1,2,1,1,1,1,2,2,2,1,2,4,4,4,4,4,4,3,4,4,4,4,4,3,5,5,5,4,1.9,1.45,4.07,3.09
471,7314,3,3,4,3,2,3,2,2,3,3,2,2,2,1,1,1,1,2,1,1,1,1,1,1,1,1,1,1,1,1,1,1,4,1,3,4,1,1,3,4,3,1,2,2,3,2,2,2.8,1.4,1,2.3,1.93
472,7315,3,2,1,1,2,1,1,2,1,3,2,1,2,1,1,1,1,1,2,1,1,1,1,1,1,1,1,1,1,1,1,4,4,4,4,4,4,3,3,4,3,4,1,3,3,4,3,1.7,1.3,1,3.42,2.27
473,7316,1,1,3,1,1,1,1,1,1,3,1,1,2,1,1,2,4,1,2,1,1,1,1,1,1,1,1,1,1,1,1,4,4,4,4,4,4,3,3,3,4,4,3,4,3,4,3,1.4,1.6,1,3.62,2.39
474,7317,5,5,5,5,5,5,5,5,5,5,1,1,1,1,1,2,3,1,2,2,1,1,1,1,1,1,1,1,1,1,1,4,4,4,4,3,4,3,4,4,3,4,3,2,5,5,3,5,1.5,1,3.69,2.87
475,7318,3,3,3,1,3,3,3,3,3,3,1,1,1,1,1,1,2,1,1,1,1,1,1,1,1,1,1,1,1,1,1,4,4,4,4,3,2,3,3,3,3,4,3,4,4,4,1,2.8,1.1,1,3.31,2.31
476,7319,3,3,3,3,3,3,3,3,3,3,2,1,2,2,2,3,3,3,3,1,1,1,1,1,1,1,1,1,1,1,1,4,4,4,4,3,4,3,3,3,4,4,4,2,5,1,3,3,2.2,1,3.43,2.67
477,7321,3,4,3,4,3,4,4,4,4,3,4,3,2,1,1,2,2,2,2,3,2,2,2,1,2,1,1,1,1,1,1,4,4,3,4,3,4,3,3,3,3,4,1,2,3,4,2,3.6,2.2,1.36,3.11,2.66
478,7322,4,3,4,3,3,3,3,3,3,3,3,3,3,2,1,2,3,2,3,3,3,3,2,3,2,2,2,2,2,2,2,4,4,4,4,4,4,3,4,4,4,4,2,2,5,5,5,3.2,2.5,2.27,3.87,3.18
479,7325,3,3,4,3,3,3,3,3,3,3,3,3,3,2,3,5,3,1,1,3,3,2,1,1,1,1,1,2,1,1,1,4,4,4,4,5,4,3,3,3,1,4,3,4,5,5,5,3.1,2.7,1.36,3.83,3.05
480,7326,2,2,3,3,3,1,1,3,3,3,3,2,1,1,1,2,2,1,1,1,2,2,3,2,2,2,2,2,1,1,1,4,4,3,3,3,1,2,1,3,3,4,3,2,4,4,2,2.4,1.5,1.82,2.88,2.3
481,7371,4,3,4,3,3,4,3,3,3,3,1,2,1,2,3,3,4,3,3,3,3,2,4,3,2,4,1,2,2,2,1,4,4,5,4,5,4,4,4,4,4,4,4,4,5,5,5,3.3,2.5,2.36,4.32,3.41
482,7372,3,3,3,3,3,3,3,2,3,3,1,1,1,2,1,3,1,2,1,2,1,1,1,1,1,1,1,1,1,1,1,4,4,4,4,5,4,3,4,3,3,4,4,2,4,3,5,2.9,1.5,1,3.75,2.62
483,7373,4,4,3,4,3,3,3,4,3,3,1,1,3,2,4,3,3,3,3,2,2,3,2,2,2,1,1,1,1,1,1,5,5,5,5,5,5,3,4,5,4,4,3,2,5,5,5,3.4,2.5,1.55,4.36,3.31
484,7400,3,3,3,3,3,3,3,3,3,3,3,1,1,3,2,3,3,2,2,3,2,2,2,1,2,2,1,1,2,1,1,4,1,4,4,3,3,3,2,2,3,3,4,3,4,2,3,3,2.3,1.55,3.01,2.59
485,7401,3,3,4,3,2,3,3,2,3,2,1,1,1,1,1,2,2,1,1,1,1,1,1,1,1,1,1,1,1,1,1,4,4,4,4,4,1,1,1,1,3,4,1,1,1,1,1,2.8,1.2,1,2.23,1.84
486,7402,1,1,3,2,2,1,2,2,1,1,1,2,1,1,1,2,1,1,1,1,2,2,1,1,1,1,1,1,1,1,1,3,3,3,3,3,2,3,3,2,1,4,3,3,3,4,3,1.6,1.2,1.18,2.89,2.02
487,7403,3,3,3,3,3,3,3,3,3,3,1,1,2,1,1,2,3,1,1,1,1,1,1,1,1,1,1,1,1,1,1,4,4,4,4,4,4,1,1,3,1,4,1,1,3,4,4,3,1.4,1,2.93,2.24
488,7404,4,4,4,4,5,4,5,4,4,4,5,5,1,3,3,3,3,3,3,3,3,3,3,3,3,2,2,4,3,3,3,4,4,4,4,3,4,3,3,3,3,4,3,4,4,4,4,4.2,3.2,2.91,3.63,3.48
489,7405,5,2,3,4,3,3,3,3,5,3,1,3,1,1,1,2,3,1,2,1,1,2,1,2,2,1,1,1,1,1,1,4,4,4,4,5,4,2,4,2,5,4,3,2,4,5,1,3.4,1.6,1.27,3.55,2.67
490,7406,1,1,1,1,1,1,1,1,1,2,1,2,2,1,1,1,1,1,2,3,1,1,1,1,1,1,1,1,1,1,1,4,4,4,4,4,1,4,4,4,1,4,2,2,4,1,1,1.1,1.5,1,2.98,2.04
491,7407,2,2,2,3,3,3,3,3,3,1,1,1,1,1,1,1,1,1,1,1,1,1,1,1,1,1,1,1,1,1,1,4,4,4,4,3,4,3,1,3,2,1,2,4,5,2,3,2.5,1,1,3.05,2.13
492,7408,1,1,1,1,1,1,1,2,1,2,1,1,1,1,1,1,1,1,2,1,1,1,1,1,1,1,1,1,1,1,1,2,1,4,4,3,4,3,1,1,1,2,1,1,1,1,2,1.2,1.1,1,1.98,1.5
493,7410,1,1,1,1,1,1,1,1,1,1,1,1,1,1,1,1,3,1,1,1,1,1,1,1,1,1,1,1,1,1,1,4,4,4,4,3,4,1,3,3,1,4,1,4,3,4,4,1,1.2,1,3.19,2.05
494,7411,2,2,3,1,3,3,3,2,1,1,2,2,3,3,2,1,1,1,1,1,1,1,1,1,1,1,1,4,1,1,1,4,4,1,4,4,4,1,1,3,1,4,1,4,1,4,1,2.1,1.7,1.27,2.62,2.1
495,7412,2,2,3,2,2,3,3,2,3,3,1,1,1,1,1,1,3,1,1,1,1,1,1,1,1,1,1,1,1,1,1,4,4,4,4,3,4,3,1,3,1,4,4,2,4,5,4,2.5,1.2,1,3.39,2.33
496,7413,1,1,1,1,1,1,1,1,1,1,1,1,1,1,1,1,1,1,1,1,1,1,1,1,1,1,1,1,1,1,1,4,4,4,4,4,4,3,2,3,1,4,1,2,4,3,3,1,1,1,3.12,1.96
497,7414,1,2,2,1,1,2,2,2,1,1,1,1,1,1,1,1,1,1,1,1,1,1,1,1,1,1,1,1,1,1,1,2,2,2,3,1,1,1,1,1,1,1,3,3,1,1,1,1.5,1,1,1.57,1.32
498,7415,4,4,3,4,4,2,4,4,4,4,3,3,1,1,1,2,2,1,1,1,1,2,1,2,1,1,1,1,1,1,1,4,4,4,4,4,4,3,1,4,4,2,3,1,4,4,4,3.7,1.6,1.18,3.36,2.61
499,7416,2,2,3,2,2,1,2,2,2,2,1,1,1,1,1,1,1,1,1,1,1,1,1,1,1,1,1,1,1,1,1,4,4,4,4,3,1,3,1,3,1,4,1,2,3,1,1,2,1,1,2.48,1.81
500,7471,3,2,3,2,3,3,3,2,3,3,1,1,1,2,1,2,2,1,2,3,1,1,1,1,1,1,1,1,1,1,1,4,4,4,4,3,2,3,3,3,3,4,2,3,4,4,3,2.7,1.6,1,3.31,2.42
501,7472,2,2,1,1,1,1,1,1,1,1,1,1,1,1,1,1,1,2,1,2,1,1,1,1,1,1,1,1,1,1,1,2,4,4,4,3,4,4,1,2,3,1,3,3,3,4,2,1.2,1.2,1,2.93,1.95
502,7500,5,5,5,5,5,5,5,3,5,3,4,3,4,4,4,4,3,3,3,5,2,3,3,3,2,2,2,5,2,2,5,4,4,4,4,5,5,5,5,4,4,5,4,5,5,5,5,4.6,3.7,2.82,4.57,4.07
503,7501,2,2,3,3,3,3,3,5,4,5,1,1,5,4,4,5,4,4,5,4,1,4,1,1,1,1,1,1,1,1,1,4,4,4,4,4,4,4,3,3,5,5,4,4,4,5,5,3.3,3.7,1.27,4.14,3.45
504,7502,3,3,2,3,1,3,3,3,5,5,2,2,2,3,2,5,3,3,3,3,1,3,2,2,3,1,1,2,1,1,1,4,4,4,4,4,4,3,3,4,4,4,3,4,5,3,5,3.1,2.8,1.64,3.88,3.14
505,7503,4,3,3,3,2,3,3,3,1,4,3,2,3,2,3,3,3,3,3,4,1,1,1,1,2,1,1,1,1,1,1,4,4,3,4,5,4,3,3,4,3,4,4,4,4,4,4,2.9,2.9,1.09,3.82,3.02
506,7504,3,3,3,3,3,3,3,3,3,3,3,3,3,2,3,4,3,3,5,1,1,2,3,3,3,3,2,3,3,3,1,4,4,3,4,4,4,3,3,3,3,4,3,4,3,3,4,3,3,2.45,3.5,3.14
507,7505,1,1,3,1,3,3,3,1,1,3,2,2,2,2,3,2,4,1,3,3,2,2,4,1,2,1,1,1,1,1,1,1,2,2,2,2,1,3,2,3,2,4,4,4,3,2,4,2,2.4,1.55,2.59,2.3
508,7506,3,2,1,2,3,3,1,2,3,3,1,1,3,3,3,3,3,1,3,3,2,3,2,1,2,1,1,1,2,2,1,2,2,2,4,4,2,3,3,3,2,2,2,4,3,4,4,2.3,2.4,1.64,2.88,2.48
509,7507,4,2,2,4,4,4,5,4,4,3,2,2,3,2,3,3,3,4,5,5,2,4,2,2,2,2,2,2,2,2,3,4,4,5,4,5,4,4,5,5,5,4,5,4,5,4,4,3.6,3.2,2.27,4.43,3.66
510,7508,4,5,5,5,5,5,5,5,5,4,5,5,5,3,1,5,5,3,3,3,3,4,2,3,3,2,2,2,2,2,2,4,4,4,5,4,5,3,3,4,4,4,4,4,5,4,2,4.8,3.8,2.45,3.93,3.77
511,7571,5,4,4,5,4,3,2,3,3,3,3,4,1,4,4,5,4,3,3,4,4,3,4,4,4,2,3,4,3,4,3,4,4,3,4,5,4,3,3,4,4,4,4,5,5,5,5,3.6,3.5,3.45,4.14,3.8
512,7600,2,4,3,2,3,3,3,3,4,4,2,4,2,3,3,3,2,2,4,4,2,3,2,2,3,3,2,3,2,1,3,4,4,4,4,5,4,4,4,4,4,4,4,4,4,4,5,3.1,2.9,2.36,4.13,3.4
513,7601,3,3,3,3,3,3,3,3,3,3,2,1,1,2,1,3,3,2,3,3,1,1,1,1,1,1,1,1,1,1,1,4,4,4,4,4,4,3,1,3,3,4,2,4,5,5,5,3,2.1,1,3.7,2.77
514,7602,3,3,3,1,3,3,3,2,3,3,2,2,1,1,1,2,2,1,3,3,3,2,1,1,1,1,1,1,1,1,1,4,4,5,5,3,4,3,3,3,3,3,3,4,5,4,3,2.7,1.8,1.27,3.69,2.69
515,7603,3,3,4,3,3,3,3,3,3,4,1,1,1,1,2,3,3,1,1,1,1,1,1,1,1,1,1,1,1,1,1,4,4,4,4,3,4,3,3,3,4,4,2,2,3,3,3,3.2,1.5,1,3.3,2.46
516,7604,3,3,1,2,3,3,2,2,3,2,2,2,1,1,1,1,2,1,1,1,1,1,1,1,1,1,1,1,1,1,1,4,4,4,2,2,1,2,1,2,1,4,2,2,3,2,2,2.4,1.3,1,2.38,1.88
517,7605,3,3,4,4,4,4,3,3,3,3,2,2,2,1,3,3,3,3,3,2,1,1,1,1,1,1,1,1,1,1,1,4,4,4,4,4,1,3,1,3,4,4,4,3,4,3,4,3.4,2.4,1,3.38,2.75
518,7606,3,3,3,3,3,3,3,3,3,3,1,1,1,1,1,1,1,1,1,1,1,1,1,1,1,1,1,1,1,1,1,2,2,2,4,4,4,1,1,2,2,4,2,4,2,1,3,3,1,1,2.51,1.95
519,7607,3,3,5,3,3,3,3,1,3,3,4,3,2,3,1,2,3,2,2,2,2,2,3,3,4,2,2,2,2,1,4,4,4,4,4,4,4,3,4,4,4,4,4,4,3,4,3,3,2.4,2.45,3.81,3.13
520,7608,3,3,3,3,3,3,2,3,3,3,1,1,2,1,1,2,1,1,2,1,1,1,1,1,1,1,1,1,1,1,1,4,4,4,4,3,4,4,2,2,3,4,3,2,4,4,3,2.9,1.3,1,3.37,2.4
521,7671,3,3,4,3,3,3,3,2,3,4,3,2,4,3,2,4,4,3,4,3,3,4,2,4,3,3,3,3,4,2,2,4,4,4,4,4,4,3,3,3,3,5,4,4,3,5,5,3.1,3.2,3,3.89,3.47
522,7672,2,3,3,2,3,3,3,2,2,2,2,1,3,1,1,3,2,2,2,2,1,1,1,1,1,1,1,1,1,1,1,4,4,4,4,3,3,3,3,3,3,3,2,2,4,3,3,2.5,1.9,1,3.18,2.41
523,7700,5,5,5,5,5,5,5,4,5,5,3,3,3,3,3,4,5,3,3,4,3,3,3,3,3,3,2,3,3,3,2,4,4,4,5,5,4,2,3,4,5,4,4,4,4,5,5,4.9,3.4,2.82,4.13,3.83
524,7701,2,1,1,1,1,1,1,1,1,3,2,2,2,2,1,1,1,1,1,1,1,1,1,1,1,1,1,1,1,1,1,4,4,4,4,4,1,1,1,3,1,4,2,2,4,3,1,1.3,1.4,1,2.69,1.91
525,7702,5,5,3,3,3,3,3,3,3,3,1,1,1,1,1,1,1,2,2,3,1,1,1,1,1,1,1,1,1,1,1,4,4,4,4,4,1,3,1,1,4,4,2,4,3,3,1,3.4,1.4,1,2.93,2.29
526,7703,3,3,1,1,1,1,1,2,1,1,1,1,1,1,1,1,2,1,1,1,1,1,1,1,1,1,1,1,1,1,1,4,4,4,4,4,4,2,1,3,1,4,3,3,4,3,3,1.5,1.1,1,3.19,2.09
527,7704,3,3,4,3,1,2,2,3,3,3,1,1,2,2,1,2,3,2,2,1,1,1,1,1,1,1,1,1,1,1,1,4,4,4,4,4,4,3,3,3,3,4,2,4,4,4,5,2.7,1.7,1,3.69,2.62
528,7705,2,2,2,1,1,2,2,1,3,3,1,1,2,1,1,2,1,1,2,1,1,1,1,1,1,1,1,1,1,1,1,4,4,4,4,3,4,3,2,3,2,2,2,3,2,4,5,1.9,1.3,1,3.18,2.18
529,7706,1,1,1,1,1,1,1,1,1,1,1,1,1,1,1,1,1,1,1,2,1,1,1,1,1,1,1,1,1,1,1,4,4,4,4,4,1,3,1,1,4,4,1,3,4,1,5,1,1.1,1,3,1.94
530,7707,1,1,1,1,1,1,1,1,1,3,1,1,1,1,1,1,1,1,1,1,1,1,1,1,1,1,1,1,1,1,1,4,4,4,4,4,4,4,2,3,3,4,2,3,3,3,2,1.2,1,1,3.3,2.07
531,7708,1,1,1,1,1,1,1,1,1,1,1,1,2,1,1,2,3,1,1,1,1,1,1,1,1,1,1,1,1,1,1,4,4,4,4,4,4,1,3,1,3,1,3,1,4,3,3,1,1.4,1,2.92,1.98
532,7709,1,1,1,1,1,1,1,1,1,1,1,1,2,1,1,1,1,1,1,1,1,1,1,1,1,1,1,1,1,1,1,2,2,2,4,2,1,1,1,3,1,1,1,1,4,1,1,1,1.1,1,1.74,1.36
533,7710,3,3,4,3,3,3,3,2,3,3,3,3,1,2,1,2,1,1,2,1,1,1,2,1,2,1,1,2,1,1,1,4,4,4,4,4,4,3,2,3,4,4,2,4,2,5,5,3,1.7,1.27,3.63,2.68
534,7711,3,3,4,3,3,3,3,2,3,2,1,1,1,1,1,3,1,1,2,3,1,1,1,1,1,1,1,1,1,1,1,3,3,3,3,3,4,1,3,3,3,4,3,3,5,5,3,2.9,1.5,1,3.27,2.4
535,7712,3,3,3,3,2,3,2,1,3,3,1,1,2,1,2,3,1,2,3,1,1,1,1,1,1,1,1,1,1,1,1,4,4,4,4,3,4,3,3,3,3,4,3,4,5,5,1,2.6,1.7,1,3.57,2.55
536,7713,3,3,2,1,1,2,2,3,3,3,1,1,2,1,1,1,2,1,1,1,1,1,1,1,1,1,1,1,1,1,1,4,4,4,4,3,4,1,2,4,3,4,2,3,1,4,2,2.3,1.2,1,3.05,2.15
537,7714,3,3,3,3,4,3,3,4,4,4,2,2,3,2,3,2,2,2,4,2,2,2,2,2,2,2,2,2,2,2,2,4,4,4,3,4,4,4,3,3,3,4,3,4,4,3,3,3.4,2.4,2,3.56,2.99
538,7715,5,5,5,5,5,5,5,5,5,5,1,3,3,1,3,3,3,2,5,3,3,3,3,3,2,2,2,2,3,3,3,4,4,3,4,4,4,2,3,3,4,4,4,4,3,4,5,5,2.7,2.64,3.7,3.44
539,7716,4,3,4,3,3,3,3,3,3,3,2,3,2,1,1,3,2,1,2,1,1,1,3,1,1,1,1,1,1,1,1,4,4,4,4,3,4,3,3,3,3,4,3,3,3,3,4,3.2,1.8,1.18,3.43,2.62
540,7717,1,1,1,1,1,1,1,1,1,1,1,1,1,1,1,1,1,1,1,1,1,1,1,1,1,1,1,1,1,1,1,4,4,4,4,2,1,2,3,1,1,4,1,3,2,2,2,1,1,1,2.49,1.68
541,7718,3,3,4,1,2,2,2,3,3,3,1,1,2,1,1,1,1,1,1,1,1,1,1,1,1,1,1,1,1,1,1,4,2,3,4,3,2,1,1,2,2,4,1,2,2,1,1,2.6,1.1,1,2.18,1.77
542,7719,1,1,1,1,1,1,1,1,1,1,1,1,1,1,1,1,1,1,1,1,1,1,1,1,1,1,1,1,1,1,1,4,4,4,4,4,1,3,1,1,4,1,1,1,2,1,1,1,1,1,2.27,1.58
543,7720,3,3,4,3,3,3,3,2,3,3,3,1,1,1,1,2,2,1,2,2,1,1,1,1,1,1,1,1,1,1,1,4,4,4,4,3,4,3,3,3,2,4,1,4,4,2,3,3,1.6,1,3.24,2.43
544,7721,3,3,3,3,3,3,3,2,3,2,1,1,1,1,1,1,1,2,1,1,1,1,1,1,1,1,1,1,1,1,1,4,4,4,4,3,4,3,1,3,3,4,1,4,1,1,1,2.8,1.1,1,2.79,2.07
545,7771,4,2,3,4,4,3,4,4,3,2,1,1,2,1,1,3,3,1,2,3,1,1,1,1,1,1,1,1,1,1,1,4,4,4,4,3,2,2,1,2,2,1,1,4,1,3,3,3.3,1.8,1,2.55,2.2
546,7800,1,2,3,2,2,2,3,3,3,3,1,1,1,1,1,2,2,2,2,2,1,2,1,1,1,1,1,1,1,1,1,4,1,4,4,4,4,1,1,3,4,4,3,3,4,2,2,2.4,1.5,1.09,3,2.23
547,7801,1,1,1,1,1,2,1,1,1,3,1,1,1,1,1,1,1,1,3,1,1,1,1,1,1,1,1,1,1,1,1,3,2,2,3,3,1,3,3,3,3,4,3,2,3,1,3,1.3,1.2,1,2.63,1.83
548,7802,2,1,2,1,3,3,2,1,1,1,1,1,1,1,1,1,1,1,1,1,1,1,1,1,1,1,1,1,1,1,1,4,4,4,4,3,3,1,3,3,3,4,2,2,4,1,1,1.7,1,1,2.86,1.94
549,7803,1,1,1,1,1,1,1,1,1,1,1,1,1,1,1,1,1,1,1,1,1,1,1,1,1,1,1,1,1,1,1,1,4,4,4,3,1,1,1,1,1,4,1,1,1,1,1,1,1,1,1.86,1.39
550,7804,2,2,3,3,1,3,3,2,3,3,1,2,2,1,1,1,1,1,2,2,1,1,1,1,2,1,1,2,1,1,1,4,4,1,4,3,4,3,1,4,1,2,2,2,2,2,2,2.5,1.4,1.18,2.54,2.03
551,7805,1,1,1,1,1,1,1,1,1,3,1,1,1,2,1,2,3,1,2,1,1,1,1,1,1,1,1,1,1,1,1,4,4,4,4,3,4,2,3,3,3,4,2,2,3,4,3,1.2,1.5,1,3.24,2.17
552,7806,1,1,1,1,1,1,1,1,1,1,1,1,1,1,1,2,3,2,1,1,1,1,1,1,1,1,1,1,1,1,1,4,4,4,4,3,1,3,1,3,2,4,2,4,2,1,1,1,1.4,1,2.68,1.86
553,7807,1,1,1,1,1,1,1,1,1,1,1,1,1,1,1,1,1,1,1,1,1,1,1,1,1,1,1,1,1,1,1,4,4,2,4,3,4,3,3,4,4,4,1,2,2,1,2,1,1,1,2.91,1.87
554,7808,1,1,1,1,1,1,1,1,1,1,1,1,1,1,1,1,1,1,1,1,1,1,1,1,1,1,1,1,1,1,1,4,4,4,4,1,1,1,1,1,4,1,1,2,1,1,1,1,1,1,1.97,1.44
555,7809,1,1,3,1,1,1,1,1,1,1,1,1,1,1,1,1,2,2,1,1,1,1,1,1,1,1,1,1,1,1,1,4,4,4,4,4,4,1,1,1,4,4,1,2,4,4,1,1.2,1.2,1,2.93,1.95
556,7871,3,2,3,3,4,4,4,3,3,4,1,1,1,1,1,1,1,1,3,3,1,1,1,1,1,1,1,1,1,1,1,4,4,3,4,3,3,3,3,3,1,4,3,3,1,3,1,3.3,1.4,1,2.86,2.25
557,7872,1,1,1,1,1,1,1,1,1,1,1,1,1,1,1,1,1,1,1,1,1,1,1,1,1,1,1,1,1,1,1,4,4,4,4,4,4,3,3,3,4,4,3,2,3,4,3,1,1,1,3.49,2.13
558,7900,3,3,4,2,3,3,3,3,3,3,1,2,2,1,2,2,2,1,2,2,1,1,1,1,1,1,1,1,1,1,1,4,4,4,4,4,4,3,2,3,2,4,2,2,5,3,3,3,1.7,1,3.31,2.49
559,7901,1,1,1,1,1,1,1,1,1,1,1,2,1,1,1,1,1,1,1,2,1,1,1,1,1,1,1,1,1,1,1,4,4,4,4,3,1,1,1,3,3,1,1,2,4,2,4,1,1.2,1,2.62,1.79
560,7902,1,1,1,1,1,1,1,1,1,1,1,1,2,1,1,1,1,1,1,1,1,1,1,1,1,1,1,1,1,1,1,4,4,2,4,3,4,2,3,3,1,1,2,2,4,4,2,1,1.1,1,2.8,1.85
561,7903,1,1,1,1,1,1,1,1,1,1,1,1,1,1,1,1,2,1,1,1,1,1,1,1,1,1,1,1,1,1,1,1,4,4,4,2,1,2,1,3,1,1,1,1,1,1,1,1,1.1,1,1.79,1.38
562,7904,3,3,3,1,3,3,1,2,1,1,1,2,2,1,1,1,2,1,1,2,1,1,1,1,1,1,1,1,1,1,1,4,4,4,4,4,4,3,3,1,2,1,3,1,5,3,4,2.1,1.4,1,3.12,2.21
563,7905,3,3,3,3,3,3,3,3,3,3,1,1,3,1,1,2,3,1,2,2,1,1,1,1,1,1,1,1,1,1,1,4,4,4,4,2,3,3,3,3,2,4,1,2,3,3,3,3,1.7,1,2.99,2.34
564,7906,1,1,1,1,1,1,1,1,1,2,1,1,1,1,1,1,1,1,1,1,1,1,1,1,1,1,1,1,1,1,1,1,1,1,1,1,1,1,1,1,1,1,1,1,1,1,1,1.1,1,1,1,1.01
565,7907,1,1,1,1,1,1,1,1,1,3,1,1,1,1,1,1,1,1,1,1,1,1,1,1,1,1,1,1,1,1,1,4,4,4,4,4,4,4,4,4,4,4,2,2,1,1,1,1.2,1,1,3.14,2
566,7908,1,1,1,1,1,1,1,1,1,1,1,1,1,1,1,1,1,1,1,1,1,1,1,1,1,1,1,1,1,1,1,4,4,4,4,3,4,1,1,3,1,4,1,1,2,4,1,1,1,1,2.61,1.73
567,7971,1,1,1,1,1,1,1,1,1,1,1,1,1,1,1,1,1,1,1,1,1,1,1,1,1,1,1,1,1,1,1,1,1,1,4,1,1,1,1,1,1,4,1,2,1,1,1,1,1,1,1.45,1.2
568,7972,1,1,1,1,1,1,1,1,1,3,1,1,1,1,1,2,1,2,3,1,1,1,1,1,3,1,1,1,1,1,1,4,4,4,4,4,4,2,4,3,3,4,4,2,3,3,3,1.2,1.4,1.18,3.43,2.26
569,8000,1,1,3,1,1,2,1,1,1,1,1,1,1,1,1,1,2,1,1,1,1,1,1,1,1,1,1,1,1,1,1,4,4,4,4,3,4,1,1,3,3,4,1,3,1,5,1,1.3,1.1,1,2.86,1.91
570,8001,4,4,5,5,4,5,4,4,4,4,2,1,1,1,2,3,3,2,2,2,3,2,1,3,2,1,2,1,2,1,1,4,4,4,4,2,1,2,2,3,2,4,2,2,5,3,2,4.3,1.9,1.73,2.88,2.63
571,8007,1,2,2,1,2,2,1,1,1,1,1,1,1,1,1,2,1,1,1,1,1,1,1,1,1,1,1,1,1,1,1,4,4,4,4,1,4,1,1,3,1,2,1,1,4,1,1,1.4,1.1,1,2.29,1.66
572,8008,1,1,1,1,1,1,1,1,1,1,1,1,1,1,1,2,1,1,1,1,1,1,1,1,1,1,1,1,1,1,1,4,4,1,4,1,1,1,1,1,3,4,1,3,1,2,1,1,1.1,1,2.06,1.51
573,8010,3,3,1,3,3,3,3,3,3,3,1,1,1,1,1,2,1,1,1,2,1,1,1,1,1,1,1,1,1,1,1,4,4,3,4,2,1,1,1,1,1,4,3,1,3,3,1,2.8,1.2,1,2.32,1.88
574,8011,1,1,1,1,1,1,1,1,1,1,1,1,1,1,1,1,1,1,1,1,1,1,1,1,1,1,1,1,1,1,1,1,1,1,1,1,1,1,1,1,1,1,1,1,1,1,1,1,1,1,1,1
575,8012,3,3,3,3,3,3,3,3,3,1,1,1,1,1,1,1,2,1,1,1,1,1,1,1,1,1,1,1,1,1,1,4,4,4,4,2,2,1,1,1,2,4,2,2,3,2,4,2.8,1.1,1,2.63,2
576,8013,2,2,3,1,3,3,1,1,1,2,2,2,2,1,1,2,3,1,1,1,1,1,1,1,1,1,1,1,1,1,1,4,4,1,4,4,1,1,1,1,4,1,2,1,1,4,1,1.9,1.6,1,2.17,1.8
577,8014,1,1,1,1,1,1,1,1,1,1,1,1,1,1,1,1,1,1,1,1,1,1,1,1,1,1,1,1,1,1,1,4,4,4,4,1,1,3,3,3,3,1,1,1,4,4,1,1,1,1,2.6,1.73
578,8015,1,1,1,1,1,1,1,1,1,1,1,1,1,1,1,1,1,1,1,1,1,1,1,1,1,1,1,1,1,1,1,1,1,1,1,1,1,1,1,1,1,1,1,1,1,1,1,1,1,1,1,1
579,8020,1,1,1,1,1,1,1,1,1,1,1,1,1,1,1,1,1,1,1,1,1,1,1,1,1,1,1,1,1,1,1,1,4,4,1,1,1,1,2,1,3,1,1,3,5,1,1,1,1,1,1.94,1.43
580,8029,1,1,1,1,1,1,1,1,1,1,1,1,1,1,1,1,1,1,1,1,1,1,1,1,1,1,1,1,1,1,1,4,4,1,4,2,1,4,1,1,1,1,1,2,4,1,1,1,1,1,2.05,1.48
581,8035,1,1,1,1,1,1,1,1,1,1,1,1,1,1,1,1,2,1,1,1,1,1,1,1,1,1,1,1,1,1,1,4,4,4,4,4,1,1,2,1,3,1,1,1,1,1,1,1,1.1,1,2.09,1.52
582,8036,1,1,1,1,1,1,1,1,1,1,1,1,1,1,1,1,1,1,1,1,1,1,1,1,1,1,1,1,1,1,1,1,1,1,1,1,1,1,1,1,1,1,1,1,1,1,1,1,1,1,1,1
583,8072,3,3,4,2,3,3,3,3,3,1,2,2,1,1,1,1,1,1,1,2,1,1,1,1,1,1,1,1,1,1,1,4,4,4,4,3,1,3,2,4,3,1,2,2,5,5,4,2.8,1.3,1,3.19,2.3
584,8100,3,3,4,3,3,3,3,3,3,3,1,1,2,1,3,3,3,1,2,1,1,1,1,1,2,1,1,1,1,1,1,4,4,4,4,4,4,4,2,3,4,4,3,2,3,5,4,3.1,1.8,1.09,3.62,2.68
585,8101,4,4,4,4,4,4,4,4,4,4,3,3,4,2,5,4,4,4,4,2,3,2,3,2,2,2,1,2,2,2,2,4,4,4,4,3,4,4,3,4,3,4,4,4,3,3,3,4,3.5,2.09,3.62,3.39
586,8102,3,3,2,2,3,3,3,2,3,1,1,1,1,1,1,1,3,1,1,1,1,1,1,1,1,1,1,1,1,1,1,2,4,4,4,3,4,1,1,4,3,4,2,2,2,2,1,2.5,1.2,1,2.67,2.01
587,8103,4,4,4,4,4,4,4,4,4,4,3,3,3,3,4,2,3,3,4,1,3,2,3,2,2,2,2,2,3,3,3,4,4,4,4,3,3,3,3,3,3,4,3,3,3,4,3,4,2.9,2.45,3.37,3.19
588,8104,3,3,3,2,3,3,3,3,3,3,1,1,3,3,1,1,3,1,1,3,1,1,1,1,1,1,1,1,1,1,1,4,4,4,4,3,3,3,3,3,3,4,3,4,3,3,3,2.9,1.8,1,3.37,2.53
589,8105,1,1,4,1,1,1,1,1,1,3,3,3,2,2,2,3,3,2,2,3,2,2,4,1,2,1,1,2,1,1,1,4,4,4,4,4,3,2,1,4,4,4,3,3,2,3,1,1.5,2.5,1.64,3.11,2.51
590,8171,5,5,5,3,3,3,3,3,3,3,3,5,3,2,5,5,3,4,4,2,2,3,3,3,3,3,3,3,2,2,2,4,4,4,5,5,5,3,3,5,4,3,4,5,5,5,5,3.6,3.6,2.64,4.32,3.77
591,8172,3,2,3,2,3,3,2,2,3,3,1,2,1,2,1,2,3,2,2,3,1,1,2,1,1,1,1,2,1,1,1,4,4,4,4,3,4,3,3,3,5,4,3,5,5,4,5,2.6,1.9,1.18,3.95,2.81
592,8200,2,2,2,1,3,2,1,1,1,3,1,1,1,2,1,2,3,1,1,1,1,1,1,1,1,1,1,1,1,1,1,5,4,4,4,3,4,2,3,2,4,4,3,2,4,3,3,1.8,1.4,1,3.37,2.28
593,8201,3,3,3,3,3,3,3,3,3,3,1,1,2,1,1,1,2,1,1,1,1,1,1,1,1,1,1,1,1,1,1,4,4,4,4,1,4,1,1,3,3,4,1,4,4,3,4,3,1.2,1,3.07,2.25
594,8204,2,2,3,3,3,3,3,3,3,3,1,1,1,1,1,2,1,1,1,1,1,1,1,1,1,1,1,1,1,1,1,4,1,1,4,2,2,1,1,1,3,1,2,2,1,3,2,2.8,1.1,1,1.93,1.68
595,8205,1,1,1,1,1,1,1,1,1,1,1,1,1,1,1,2,1,1,1,3,1,1,1,1,1,1,1,1,1,1,1,4,4,4,4,1,1,1,1,1,1,4,1,2,1,1,1,1,1.3,1,1.99,1.53
596,8206,1,1,1,2,1,1,1,1,1,1,1,1,1,1,1,1,3,1,1,2,1,1,1,1,1,1,1,1,1,1,1,4,4,1,4,3,4,3,2,3,1,4,1,3,3,3,3,1.1,1.3,1,2.87,1.94
597,8207,3,1,1,1,1,1,1,1,1,1,1,1,1,1,1,1,1,1,1,1,1,1,1,1,1,1,1,1,1,1,1,4,4,4,4,1,1,1,1,1,1,4,1,4,1,1,1,1.2,1,1,2.12,1.54
598,8208,1,1,1,1,1,1,1,1,1,1,1,1,1,1,1,2,2,1,1,1,1,1,1,1,1,1,1,1,1,1,1,4,4,4,4,4,4,4,1,4,4,1,1,4,3,4,3,1,1.2,1,3.29,2.09
599,8210,1,1,1,1,1,1,1,1,1,1,1,1,1,1,1,1,1,1,1,1,1,1,1,1,1,1,1,1,1,1,1,4,4,4,4,4,1,1,1,1,1,1,1,1,1,1,1,1,1,1,1.91,1.41
600,8211,1,1,1,1,1,1,1,1,1,1,1,1,1,1,1,1,1,1,1,1,1,1,1,1,1,1,1,1,1,1,1,1,1,1,4,4,1,1,1,1,1,1,1,1,1,1,1,1,1,1,1.36,1.17
601,8212,1,1,1,1,1,1,1,1,1,1,1,1,1,1,1,1,1,1,1,1,1,1,1,1,1,1,1,1,1,1,1,4,4,1,1,1,1,1,1,1,1,1,1,1,1,1,1,1,1,1,1.36,1.17
602,8213,3,1,4,1,1,1,1,1,1,1,1,1,1,1,1,1,1,1,1,1,1,1,1,1,1,1,1,1,1,1,1,1,4,4,3,4,1,1,1,1,1,4,1,4,1,1,1,1.5,1,1,2.06,1.55
603,8271,1,1,1,1,1,1,1,1,1,3,1,1,1,1,1,1,2,1,2,1,1,1,1,1,1,1,1,1,1,1,1,4,4,4,4,2,1,2,1,4,1,4,1,2,2,3,2,1.2,1.2,1,2.55,1.78
604,8300,3,3,4,2,3,3,3,2,3,3,3,2,3,2,3,3,3,2,1,4,1,2,1,1,1,1,1,1,1,1,1,4,4,4,4,3,4,4,3,3,3,4,3,4,5,4,3,2.9,2.6,1.09,3.69,2.89
605,8301,1,1,1,1,1,1,1,1,1,2,1,1,1,1,1,1,1,1,2,1,1,1,1,1,1,1,1,1,1,1,1,3,3,3,4,2,1,3,3,3,1,4,3,3,2,2,1,1.1,1.1,1,2.56,1.75
606,8302,1,1,1,1,1,1,1,1,1,3,1,1,2,1,1,1,1,1,2,3,1,1,1,1,1,1,1,1,1,1,1,4,4,4,4,3,3,3,3,3,3,3,2,2,3,4,4,1.2,1.4,1,3.24,2.15
607,8303,2,2,2,2,2,2,2,2,2,3,1,1,1,1,1,1,1,1,1,1,1,1,1,1,1,1,1,1,1,1,1,1,1,1,1,1,1,1,1,1,1,4,1,1,1,1,1,2.1,1,1,1.2,1.23
608,8304,5,5,5,5,5,5,5,5,5,5,4,4,1,2,4,4,3,3,2,3,3,5,4,5,3,5,5,5,2,2,3,4,4,4,4,4,4,4,3,3,4,4,4,4,5,5,4,5,3,3.82,4.01,3.86
609,8305,5,5,4,5,5,5,5,5,5,5,1,1,1,2,1,1,1,1,1,4,1,1,1,1,1,1,1,2,1,1,1,4,4,3,4,4,3,2,2,2,4,4,2,4,3,2,2,4.9,1.4,1.09,3.05,2.56
610,8306,3,3,3,3,3,3,3,2,3,3,1,1,1,1,1,1,1,1,2,1,2,2,2,1,1,1,1,1,1,1,1,4,4,4,4,3,4,4,1,1,2,4,1,3,4,2,2,2.9,1.1,1.27,2.93,2.19
611,8400,3,3,3,3,3,3,3,3,3,3,2,2,1,2,3,3,3,2,5,1,1,1,1,1,1,1,1,1,1,1,1,4,4,4,4,4,4,3,3,3,4,4,4,3,4,3,4,3,2.4,1,3.69,2.83
612,8401,4,5,5,5,5,3,2,3,2,4,3,3,3,1,1,3,3,3,4,3,4,3,3,2,2,1,1,3,1,1,1,4,4,5,5,5,4,3,3,4,5,4,4,4,4,3,4,3.8,2.7,2,4.05,3.34
613,8402,2,2,2,2,1,2,2,2,3,3,1,1,1,1,1,1,1,1,2,1,1,1,1,1,1,1,1,1,1,1,1,4,4,4,4,3,4,3,3,3,3,4,3,3,4,4,4,2.1,1.1,1,3.57,2.34
614,8403,1,2,2,2,2,2,2,2,1,3,1,2,1,1,3,2,3,2,3,3,1,1,2,1,2,1,1,1,1,1,1,4,4,4,4,4,4,3,3,3,4,4,3,4,3,3,4,1.9,2.1,1.18,3.62,2.61
615,8404,1,1,1,1,1,1,1,1,1,3,1,1,2,1,1,2,2,2,2,3,1,1,1,1,1,1,1,1,1,1,1,4,4,4,4,3,4,3,3,3,4,4,2,3,4,4,3,1.2,1.7,1,3.49,2.34
616,8471,2,2,3,2,2,3,2,2,3,2,3,2,2,1,1,3,3,2,4,2,1,2,2,2,2,2,2,2,1,1,1,3,3,4,4,4,4,3,4,3,3,5,3,4,5,5,5,2.3,2.3,1.64,3.9,2.92
617,8500,3,3,3,3,3,3,3,1,3,1,1,1,1,1,1,1,1,1,1,1,1,1,1,1,1,1,1,1,1,1,1,4,4,4,4,4,1,1,1,1,4,1,1,4,5,1,3,2.6,1,1,2.68,1.97
618,8600,1,1,1,1,1,1,1,1,1,1,1,1,1,1,1,1,1,1,1,1,1,1,1,1,1,1,1,1,1,1,1,4,4,1,1,4,1,1,1,1,1,1,1,1,1,1,1,1,1,1,1.54,1.25
619,8700,1,1,1,1,1,1,1,1,1,1,1,1,1,1,1,1,1,1,1,1,1,1,1,1,1,1,1,1,1,1,1,1,1,1,1,1,1,1,1,1,1,1,1,1,1,1,1,1,1,1,1,1
620,8800,1,1,1,1,1,1,1,1,1,1,1,1,2,1,1,2,1,1,1,1,1,1,1,1,1,1,1,1,1,1,1,4,4,4,4,3,1,1,1,1,3,1,1,1,5,5,2,1,1.2,1,2.56,1.76
